ioc,score,virustotal,abuseipdb,otx,shodan,threatfox,urlhaus,malwarebazaar
0pen-cache.thornbay.in.net,1,0,0,0,0,1,0,0
0twkb.thornbay.in.net,1,0,0,0,0,1,0,0
0x0security.com,1,0,0,0,0,1,0,0
108zhao.shop,1,0,0,1,0,0,0,0
135947.lachinadragon.com,1,0,0,1,0,0,0,0
15fdtzgp.vividfox.in.net,1,0,0,0,0,1,0,0
168c168.com,1,0,0,0,0,1,0,0
1sou.top,1,0,0,1,0,0,0,0
2hez7kj.trace-peak.in.net,1,0,0,0,0,1,0,0
39uchxifap4cvgzsuirom0szrrg.d65lre9sfqnlcv49317gcis6pyjsatzho.oast.pro,1,0,0,1,0,0,0,0
47asprosnowmeprona.za.com,1,0,0,0,0,1,0,0
498.cn.com,1,0,0,0,0,1,0,0
6612271478.sbs,1,0,0,1,0,0,0,0
6hms.top,1,0,0,1,0,0,0,0
73dwi.vividfox.in.net,1,0,0,0,0,1,0,0
75bmo.flint-haze.in.net,1,0,0,0,0,1,0,0
789pettoys.shop,1,0,0,1,0,0,0,0
7serv.top,1,0,0,1,0,0,0,0
7wsha.withregw.in.net,1,0,0,0,0,1,0,0
86apq.oakmelt.in.net,1,0,0,0,0,1,0,0
8duovju.withregw.in.net,1,0,0,0,0,1,0,0
93-187-56-19.nistpyzlfeyzcyrsimcx814h1j59iqxo1.oast.fun,1,0,0,1,0,0,0,0
99wc.top,1,0,0,1,0,0,0,0
PlushEditz-49070.portmap.host,1,0,0,0,0,1,0,0
a.insgly.net,1,0,0,1,0,0,0,0
abocamuseum.icu,1,0,0,1,0,0,0,0
abramge.com.br,1,0,0,1,0,0,0,0
access-terms.com,1,0,0,1,0,0,0,0
acess-terms.com,1,0,0,1,0,0,0,0
actionmovies.top,1,0,0,1,0,0,0,0
adobe.caladzy.com,1,0,0,1,0,0,0,0
aerobickarlaurbanovas.top,1,0,0,1,0,0,0,0
akav6pm3.n0vafield.in.net,1,0,0,0,0,1,0,0
akhilin.ru.com,1,0,0,0,0,1,0,0
alcmz.top,1,0,0,1,0,0,0,0
alhasba.com,1,0,0,1,0,0,0,0
aliyundunupdate.xyz,1,0,0,1,0,0,0,0
ametax.net,1,0,0,1,0,0,0,0
angelrosecameinmylifeforblesslifesgodtha.duckdns.org,1,0,0,0,0,1,0,0
anoteryo.top,1,0,0,1,0,0,0,0
anukitax.com,1,0,0,1,0,0,0,0
arearugs.top,1,0,0,1,0,0,0,0
arkanix.pw,1,0,0,1,0,0,0,0
arkanix.ru,1,0,0,1,0,0,0,0
arkven9en.fluxhaven.in.net,1,0,0,0,0,1,0,0
as5yo.top,1,0,0,1,0,0,0,0
ashesplayer.top,1,0,0,1,0,0,0,0
aufal.filevexcasv.buzz,1,0,0,1,0,0,0,0
avk93cqg.ironhub.digital,1,0,0,0,0,1,0,0
avodaride.top,1,0,0,1,0,0,0,0
ayodhh-30917.portmap.host,1,0,0,0,0,1,0,0
azyaamode.shop,1,0,0,1,0,0,0,0
baihao.shop,1,0,0,1,0,0,0,0
baihuah.top,1,0,0,1,0,0,0,0
ballfrank.today,1,0,0,0,0,1,0,0
basalcache.joksserver.in.net,1,0,0,0,0,1,0,0
bedoueroom.top,1,0,0,1,0,0,0,0
befree.uk.com,1,0,0,0,0,1,0,0
bestproductreviews.xyz,1,0,0,1,0,0,0,0
bestrollerballpen.top,1,0,0,1,0,0,0,0
bianchilawgroup.com,1,0,0,1,0,0,0,0
bix29qg.withregw.in.net,1,0,0,0,0,1,0,0
bjtrck.com,1,0,0,1,0,0,0,0
blogdojhow.com,1,0,0,1,0,0,0,0
bnpparibas.top,1,0,0,1,0,0,0,0
bokra.top,1,0,0,1,0,0,0,0
bond007.xyz,1,0,0,1,0,0,0,0
boxworld.top,1,0,0,1,0,0,0,0
bqdrzbyq.cn,1,0,0,1,0,0,0,0
brattonlawgroup.com,1,0,0,1,0,0,0,0
brighterdaylaw.com,1,0,0,1,0,0,0,0
bringetax.com,1,0,0,1,0,0,0,0
brokerancient.br1ghtpath.in.net,1,0,0,0,0,1,0,0
bst.ssffaa4.xyz,1,0,0,0,0,1,0,0
bst.syslicense.net,1,0,0,0,0,1,0,0
bstionline.com,1,0,0,1,0,0,0,0
buildingjobs.xyz,1,0,0,1,0,0,0,0
bumptobabeco.top,1,0,0,1,0,0,0,0
buscavuelosbaratos.top,1,0,0,1,0,0,0,0
buyedmeds.top,1,0,0,1,0,0,0,0
buylisinopril.top,1,0,0,1,0,0,0,0
c0ol1-leaf.br1ghtpath.in.net,1,0,0,0,0,1,0,0
c168-bm.com,1,0,0,0,0,1,0,0
c168-co.com,1,0,0,0,0,1,0,0
c168.africa,1,0,0,0,0,1,0,0
c168.br.com,1,0,0,0,0,1,0,0
c168.day,1,0,0,0,0,1,0,0
c168.eu.com,1,0,0,0,0,1,0,0
c168.it.com,1,0,0,0,0,1,0,0
c168.nl,1,0,0,0,0,1,0,0
c168.onl,1,0,0,0,0,1,0,0
c168.ru.com,1,0,0,0,0,1,0,0
c168.trade,1,0,0,0,0,1,0,0
c168club.baby,1,0,0,0,0,1,0,0
c168k.com,1,0,0,0,0,1,0,0
c168ll.com,1,0,0,0,0,1,0,0
c168vn.in.net,1,0,0,0,0,1,0,0
capcha-cdn-js.beer,1,0,0,0,0,1,0,0
cast-pine.prowinserv.in.net,1,0,0,0,0,1,0,0
cc16888.com,1,0,0,0,0,1,0,0
cdn-plugin-js.beer,1,0,0,0,0,1,0,0
cdn.eideasrl.it,1,0,0,1,0,0,0,0
cdn.justcloakit.com,1,0,0,1,0,0,0,0
celebrex.top,1,0,0,1,0,0,0,0
cfg.brasilinst.site,1,0,0,1,0,0,0,0
cgf.facturastbs.shop,1,0,0,1,0,0,0,0
cgf.midasx.site,1,0,0,1,0,0,0,0
chaojiwang.top,1,0,0,1,0,0,0,0
checkfirst.net.au,1,0,0,1,0,0,0,0
chenyiwen.top,1,0,0,1,0,0,0,0
chianagent.com,1,0,0,0,0,1,0,0
chinapark.top,1,0,0,1,0,0,0,0
christianlouboutin2017.top,1,0,0,1,0,0,0,0
cialissale.top,1,0,0,1,0,0,0,0
cinselurunler.xyz,1,0,0,1,0,0,0,0
cl1proc.kineticmatrixduct.in.net,1,0,0,0,0,1,0,0
cl1proc.synchrometrixbox.in.net,1,0,0,0,0,1,0,0
cl1store.chrysalisbuffer.in.net,1,0,0,0,0,1,0,0
cl1store.entropicbuffergate.in.net,1,0,0,0,0,1,0,0
cl1store.industrialmetric.in.net,1,0,0,0,0,1,0,0
cl1sync.inertialstreamhub.in.net,1,0,0,0,0,1,0,0
cl2data.inertialstreamhub.in.net,1,0,0,0,0,1,0,0
cl2point.kineticmatrixduct.in.net,1,0,0,0,0,1,0,0
cl2point.synchrometrixbox.in.net,1,0,0,0,0,1,0,0
cl2remote.chrysalisbuffer.in.net,1,0,0,0,0,1,0,0
cl2remote.entropicbuffergate.in.net,1,0,0,0,0,1,0,0
cl2remote.industrialmetric.in.net,1,0,0,0,0,1,0,0
cl3dev.chrysalisbuffer.in.net,1,0,0,0,0,1,0,0
cl3dev.entropicbuffergate.in.net,1,0,0,0,0,1,0,0
cl3dev.industrialmetric.in.net,1,0,0,0,0,1,0,0
cl3edge.inertialstreamhub.in.net,1,0,0,0,0,1,0,0
cl3view.kineticmatrixduct.in.net,1,0,0,0,0,1,0,0
cl3view.synchrometrixbox.in.net,1,0,0,0,0,1,0,0
cl4link.chrysalisbuffer.in.net,1,0,0,0,0,1,0,0
cl4link.entropicbuffergate.in.net,1,0,0,0,0,1,0,0
cl4link.industrialmetric.in.net,1,0,0,0,0,1,0,0
cl4path.kineticmatrixduct.in.net,1,0,0,0,0,1,0,0
cl4path.synchrometrixbox.in.net,1,0,0,0,0,1,0,0
cl4static.inertialstreamhub.in.net,1,0,0,0,0,1,0,0
client.justcloakit.com,1,0,0,1,0,0,0,0
coinseasygenerator.top,1,0,0,1,0,0,0,0
coresal.cinder-row.in.net,1,0,0,0,0,1,0,0
cornpu-sheet.cinder-row.in.net,1,0,0,0,0,1,0,0
couterfv.top,1,0,0,1,0,0,0,0
couturella.shop,1,0,0,1,0,0,0,0
covaticonstructioncorp.shop,1,0,0,1,0,0,0,0
cozartan.top,1,0,0,1,0,0,0,0
cptoptious.com,1,0,0,1,0,0,0,0
cryptohardware.shop,1,0,0,1,0,0,0,0
curiouslatt.n0vafield.in.net,1,0,0,0,0,1,0,0
curr-forge.withregw.in.net,1,0,0,0,0,1,0,0
custosern.digital,1,0,0,0,0,1,0,0
d60c1a.startprogrammingnowbook.com,1,0,0,1,0,0,0,0
d65sb7ngveucv5k2nm508abdsjmbn7qmn.oast.pro,1,0,0,1,0,0,0,0
d6tcpc6flblph01gdcb0ku9ixih393m54.oast.live,1,0,0,1,0,0,0,0
d6tcpe7nsv6kk9rdrpggi37zmjfxw9imr.oast.me,1,0,0,1,0,0,0,0
d6td5s9qte0bea7273e0wuou77jjx77uk.oast.pro,1,0,0,1,0,0,0,0
d6tgbe1qte0a8rkffb3gqabqm8517exd3.oast.fun,1,0,0,1,0,0,0,0
daemonraven.flint-haze.in.net,1,0,0,0,0,1,0,0
darrtamusement.com,1,0,0,0,0,1,0,0
dcdh4.shop,1,0,0,1,0,0,0,0
dealermobil.top,1,0,0,1,0,0,0,0
deep-ech.br1ghtpath.in.net,1,0,0,0,0,1,0,0
defensegroup.com,1,0,0,1,0,0,0,0
depechemode.shop,1,0,0,1,0,0,0,0
desk-okta.com,1,0,0,1,0,0,0,0
dev1proc.atomiclogichub.in.net,1,0,0,0,0,1,0,0
dev1proc.elytrapointnode.in.net,1,0,0,0,0,1,0,0
dev1proc.linearprocessnode.in.net,1,0,0,0,0,1,0,0
dev1proc.tensorvortexlink.in.net,1,0,0,0,0,1,0,0
dev1proc.thermalpulserelay.in.net,1,0,0,0,0,1,0,0
dev2outer.atomiclogichub.in.net,1,0,0,0,0,1,0,0
dev2outer.linearprocessnode.in.net,1,0,0,0,0,1,0,0
dev2power.elytrapointnode.in.net,1,0,0,0,0,1,0,0
dev2power.tensorvortexlink.in.net,1,0,0,0,0,1,0,0
dev2power.thermalpulserelay.in.net,1,0,0,0,0,1,0,0
dev3field.atomiclogichub.in.net,1,0,0,0,0,1,0,0
dev3field.linearprocessnode.in.net,1,0,0,0,0,1,0,0
dev3local.elytrapointnode.in.net,1,0,0,0,0,1,0,0
dev3local.tensorvortexlink.in.net,1,0,0,0,0,1,0,0
dev3local.thermalpulserelay.in.net,1,0,0,0,0,1,0,0
dev4space.atomiclogichub.in.net,1,0,0,0,0,1,0,0
dev4space.linearprocessnode.in.net,1,0,0,0,0,1,0,0
dev4work.elytrapointnode.in.net,1,0,0,0,0,1,0,0
dev4work.tensorvortexlink.in.net,1,0,0,0,0,1,0,0
dev4work.thermalpulserelay.in.net,1,0,0,0,0,1,0,0
di5pat-ring.prowinserv.in.net,1,0,0,0,0,1,0,0
directoryframework.top,1,0,0,1,0,0,0,0
discountmontblanc.top,1,0,0,1,0,0,0,0
discoveronline.top,1,0,0,1,0,0,0,0
doodstream.shop,1,0,0,1,0,0,0,0
dotprompt.digital,1,0,0,0,0,1,0,0
downloadfreak.top,1,0,0,1,0,0,0,0
dq.bestshoppingday.com,1,0,0,1,0,0,0,0
dr4w-trail.ember-grid.in.net,1,0,0,0,0,1,0,0
drawhyp.prowinserv.in.net,1,0,0,0,0,1,0,0
dustwin.trace-peak.in.net,1,0,0,0,0,1,0,0
dwicriminallawcenter.com,1,0,0,1,0,0,0,0
dyndraar9.cinder-row.in.net,1,0,0,0,0,1,0,0
dzadld.hellothere.sbs,1,0,0,0,0,1,0,0
edud.site,1,0,0,1,0,0,0,0
ehc.sa.com,1,0,0,0,0,1,0,0
elev8souvenirs.com,1,0,0,1,0,0,0,0
erectilehelp.top,1,0,0,1,0,0,0,0
etaxtw.cn,1,0,0,1,0,0,0,0
eur.ydns.eu,1,0,0,0,0,1,0,0
evs.grupotuis.buzz,1,0,0,1,0,0,0,0
ext1infra.fractalrelaypoint.in.net,1,0,0,0,0,1,0,0
ext1infra.modularpathfinder.in.net,1,0,0,0,0,1,0,0
ext1meta.isotopeflowbridge.in.net,1,0,0,0,0,1,0,0
ext1meta.mandibulateflow.in.net,1,0,0,0,0,1,0,0
ext1meta.wavefrontgateway.in.net,1,0,0,0,0,1,0,0
ext1proc.nebularpointtrace.in.net,1,0,0,0,0,1,0,0
ext1proc.spiraclelinkhub.in.net,1,0,0,0,0,1,0,0
ext1proc.vectordiffusion.in.net,1,0,0,0,0,1,0,0
ext2core.nebularpointtrace.in.net,1,0,0,0,0,1,0,0
ext2core.vectordiffusion.in.net,1,0,0,0,0,1,0,0
ext2proc.isotopeflowbridge.in.net,1,0,0,0,0,1,0,0
ext2proc.mandibulateflow.in.net,1,0,0,0,0,1,0,0
ext2proc.wavefrontgateway.in.net,1,0,0,0,0,1,0,0
ext2proxy.fractalrelaypoint.in.net,1,0,0,0,0,1,0,0
ext2proxy.modularpathfinder.in.net,1,0,0,0,0,1,0,0
ext3data.fractalrelaypoint.in.net,1,0,0,0,0,1,0,0
ext3data.modularpathfinder.in.net,1,0,0,0,0,1,0,0
ext3gate.isotopeflowbridge.in.net,1,0,0,0,0,1,0,0
ext3gate.mandibulateflow.in.net,1,0,0,0,0,1,0,0
ext3gate.wavefrontgateway.in.net,1,0,0,0,0,1,0,0
ext3ghost.nebularpointtrace.in.net,1,0,0,0,0,1,0,0
ext3ghost.vectordiffusion.in.net,1,0,0,0,0,1,0,0
ext4point.fractalrelaypoint.in.net,1,0,0,0,0,1,0,0
ext4point.modularpathfinder.in.net,1,0,0,0,0,1,0,0
ext4sync.isotopeflowbridge.in.net,1,0,0,0,0,1,0,0
ext4sync.mandibulateflow.in.net,1,0,0,0,0,1,0,0
ext4sync.wavefrontgateway.in.net,1,0,0,0,0,1,0,0
ext4view.nebularpointtrace.in.net,1,0,0,0,0,1,0,0
ext4view.vectordiffusion.in.net,1,0,0,0,0,1,0,0
f1x-grid.fluxhaven.in.net,1,0,0,0,0,1,0,0
fadoklismokley.com,1,0,0,1,0,0,0,0
famiode.com,1,0,0,0,0,1,0,0
fernprim.cr4ftlane.in.net,1,0,0,0,0,1,0,0
filmezz.top,1,0,0,1,0,0,0,0
filmlerzltyazilimsx.shop,1,0,0,1,0,0,0,0
fioclouder.com,1,0,0,1,0,0,0,0
fisherstonelaw.com,1,0,0,1,0,0,0,0
fjs95.shop,1,0,0,1,0,0,0,0
fmovies123.top,1,0,0,1,0,0,0,0
foolowme.com,1,0,0,1,0,0,0,0
forging.top,1,0,0,1,0,0,0,0
fragzone.top,1,0,0,1,0,0,0,0
franquicias.top,1,0,0,1,0,0,0,0
frescotrem.com,1,0,0,0,0,1,0,0
friugrime.com,1,0,0,1,0,0,0,0
frostboutique.com,1,0,0,0,0,1,0,0
fsdfsodfofofosdof.com,1,0,0,0,0,1,0,0
ftusgreen.com,1,0,0,0,0,1,0,0
fuckhdmov.top,1,0,0,1,0,0,0,0
g21qs.oakmelt.in.net,1,0,0,0,0,1,0,0
galxyagent.com,1,0,0,0,0,1,0,0
gamewinliga.sa.com,1,0,0,0,0,1,0,0
gasrobariokley.com,1,0,0,1,0,0,0,0
gatwayagent.com,1,0,0,0,0,1,0,0
gededewe.shop,1,0,0,1,0,0,0,0
getin.top,1,0,0,1,0,0,0,0
gladelab.snap-echo.in.net,1,0,0,0,0,1,0,0
glitterygadgets.shop,1,0,0,1,0,0,0,0
globalker.fluxhaven.in.net,1,0,0,0,0,1,0,0
gmartph.shop,1,0,0,1,0,0,0,0
gmt-a.shop,1,0,0,1,0,0,0,0
gobygo.net,1,0,0,1,0,0,0,0
gov-irs216.net,1,0,0,1,0,0,0,0
grandzxc.bet,1,0,0,1,0,0,0,0
grinvan.com,1,0,0,1,0,0,0,0
gripsmonga.sbs,1,0,0,1,0,0,0,0
guosong.top,1,0,0,1,0,0,0,0
haidao10.top,1,0,0,1,0,0,0,0
har.ssffaa4.xyz,1,0,0,0,0,1,0,0
har.syslicense.net,1,0,0,0,0,1,0,0
hard7-beam.ember-grid.in.net,1,0,0,0,0,1,0,0
harv3st-trail.withregw.in.net,1,0,0,0,0,1,0,0
havneagent.com,1,0,0,0,0,1,0,0
headtechnologies.xyz,1,0,0,1,0,0,0,0
healthcareplans.top,1,0,0,1,0,0,0,0
heim-k.shop,1,0,0,1,0,0,0,0
help-okta.com,1,0,0,1,0,0,0,0
helperection.top,1,0,0,1,0,0,0,0
heuchvr.click,1,0,0,0,0,1,0,0
hilfe-ed.top,1,0,0,1,0,0,0,0
hirek.top,1,0,0,1,0,0,0,0
hostlite.in.net,1,0,0,0,0,1,0,0
howtogetaloan.top,1,0,0,1,0,0,0,0
hs8.krakenfiles.com,1,0,0,1,0,0,0,0
hscpgx.za.com,1,0,0,0,0,1,0,0
hsh.ssffaa4.xyz,1,0,0,0,0,1,0,0
hsh.syslicense.net,1,0,0,0,0,1,0,0
hxa-93-187-56-19.nistpyzlfeyzcyrsimcx814h1j59iqxo1.oast.fun,1,0,0,1,0,0,0,0
ida-ci.com,1,0,0,1,0,0,0,0
imansport.ir,1,0,0,1,0,0,0,0
importgenius.duckdns.org,1,0,0,0,0,1,0,0
indonesia.radio.fm,1,0,0,0,0,1,0,0
investonline.in,1,0,0,1,0,0,0,0
invoi7-field.tr1bekit.in.net,1,0,0,0,0,1,0,0
irs-doc.com,1,0,0,1,0,0,0,0
islighting.top,1,0,0,1,0,0,0,0
itsleannepelosi.com,1,0,0,1,0,0,0,0
iwine.top,1,0,0,1,0,0,0,0
ixtl.silver-dock.in.net,1,0,0,0,0,1,0,0
izone.digital,1,0,0,1,0,0,0,0
jarrettfirm.com,1,0,0,1,0,0,0,0
jdj7b.joksserver.in.net,1,0,0,0,0,1,0,0
jerseysus.top,1,0,0,1,0,0,0,0
jiezishijie.top,1,0,0,1,0,0,0,0
jkse.shop,1,0,0,1,0,0,0,0
joiner.best,1,0,0,1,0,0,0,0
js-static.myhomeworxhandyman.com,1,0,0,0,0,1,0,0
jsmakert.shop,1,0,0,1,0,0,0,0
judiemkqjajsfzpidfjlowgl8nyrtd49x.oast.fun,1,0,0,1,0,0,0,0
jzluw.com,1,0,0,1,0,0,0,0
k2bsc.top,1,0,0,1,0,0,0,0
kaestner.top,1,0,0,1,0,0,0,0
kanshuwang.top,1,0,0,1,0,0,0,0
kazumaka.top,1,0,0,1,0,0,0,0
kc3psjbj.ironhub.digital,1,0,0,0,0,1,0,0
kdije.weirdthings.site,1,0,0,0,0,1,0,0
kelnexa.cr4ftlane.in.net,1,0,0,0,0,1,0,0
kelspireix7.oakmelt.in.net,1,0,0,0,0,1,0,0
kfzversicherungskosten.top,1,0,0,1,0,0,0,0
khusinhthaidanphuong.top,1,0,0,1,0,0,0,0
kingdomholding.top,1,0,0,1,0,0,0,0
kk54.joksserver.in.net,1,0,0,0,0,1,0,0
kkq.uk.com,1,0,0,0,0,1,0,0
krediteonlinevergleichen.top,1,0,0,1,0,0,0,0
labodeguitaup.space,1,0,0,1,0,0,0,0
lang3666.top,1,0,0,1,0,0,0,0
langwonet.top,1,0,0,1,0,0,0,0
laserpinuptag.com,1,0,0,0,0,1,0,0
layardrama21.top,1,0,0,1,0,0,0,0
learnsen.n0vafield.in.net,1,0,0,0,0,1,0,0
lebensversicherungvergleich.top,1,0,0,1,0,0,0,0
levciavia.top,1,0,0,1,0,0,0,0
lifenews.pro,1,0,0,1,0,0,0,0
linhua97.top,1,0,0,1,0,0,0,0
linksoflondononsale.top,1,0,0,1,0,0,0,0
linksoflondonsale.top,1,0,0,1,0,0,0,0
liruo.top,1,0,0,1,0,0,0,0
liveskortv.shop,1,0,0,1,0,0,0,0
lmaxjuyh.cn,1,0,0,1,0,0,0,0
lnescgkwgt.localto.net,1,0,0,0,0,1,0,0
loanonline.top,1,0,0,1,0,0,0,0
lock-okta.com,1,0,0,1,0,0,0,0
logs.bestsaleshoppingday.com,1,0,0,1,0,0,0,0
logs.bestshopingday.com,1,0,0,1,0,0,0,0
loispaigesimenson.com,1,0,0,1,0,0,0,0
losartan.top,1,0,0,1,0,0,0,0
lovedou.top,1,0,0,1,0,0,0,0
lowi1.com,1,0,0,1,0,0,0,0
lqsword.top,1,0,0,1,0,0,0,0
lumspire8os.cr4ftlane.in.net,1,0,0,0,0,1,0,0
lvwjo2n0w3.localto.net,1,0,0,0,0,1,0,0
lx7v9.top,1,0,0,1,0,0,0,0
lycosex.top,1,0,0,1,0,0,0,0
lzuxhk56ep.localto.net,1,0,0,0,0,1,0,0
m7rumt45s8.localto.net,1,0,0,0,0,1,0,0
macerapindasi.com,1,0,0,0,0,1,0,0
machine-a-plastifier.com,1,0,0,1,0,0,0,0
madamelam.com,1,0,0,1,0,0,0,0
magnet.sa.com,1,0,0,0,0,1,0,0
mailum.com,1,0,0,1,0,0,0,0
main.interacth3.io,1,0,0,1,0,0,0,0
maklomir.com,1,0,0,0,0,1,0,0
manwithedhelp.top,1,0,0,1,0,0,0,0
marginlogistics.snap-echo.in.net,1,0,0,0,0,1,0,0
marmocer.top,1,0,0,1,0,0,0,0
maxintora.com,1,0,0,0,0,1,0,0
mbpen163.top,1,0,0,1,0,0,0,0
measurecrims.storm-ink.in.net,1,0,0,0,0,1,0,0
medicamentsbonmarche.top,1,0,0,1,0,0,0,0
meimei68.top,1,0,0,1,0,0,0,0
memphiswawu.com,1,0,0,1,0,0,0,0
menjimmychooonline.top,1,0,0,1,0,0,0,0
meta-5t3r.n0vafield.in.net,1,0,0,0,0,1,0,0
mg60yc.brightcove.in.net,1,0,0,0,0,1,0,0
mh.bestshopingday.com,1,0,0,1,0,0,0,0
microbefiel.oakmelt.in.net,1,0,0,0,0,1,0,0
microblogver.bond,1,0,0,0,0,1,0,0
microloh.bond,1,0,0,0,0,1,0,0
milebox.shop,1,0,0,1,0,0,0,0
mindsetgrowth.shop,1,0,0,1,0,0,0,0
mm37.icu,1,0,0,1,0,0,0,0
monclerjackets.top,1,0,0,1,0,0,0,0
morniksell.com,1,0,0,1,0,0,0,0
moruk.xyz,1,0,0,1,0,0,0,0
motocyclenews.top,1,0,0,1,0,0,0,0
moviefone.top,1,0,0,1,0,0,0,0
moviesone.top,1,0,0,1,0,0,0,0
movtime76.shop,1,0,0,1,0,0,0,0
movtime78.shop,1,0,0,1,0,0,0,0
msi.swadeshcomputer.com,1,0,0,0,0,1,0,0
musicdownloader.top,1,0,0,1,0,0,0,0
my-privatebanker.top,1,0,0,1,0,0,0,0
mybeststream.xyz,1,0,0,1,0,0,0,0
mygoodblog.bond,1,0,0,0,0,1,0,0
mygoodblog.cfd,1,0,0,0,0,1,0,0
nackt-bilder.top,1,0,0,1,0,0,0,0
naintn.com,1,0,0,1,0,0,0,0
nana44.shop,1,0,0,1,0,0,0,0
nasir.cc,1,0,0,1,0,0,0,0
networkservice.cyou,1,0,0,1,0,0,0,0
newbalancesport.top,1,0,0,1,0,0,0,0
njhwuyklw.com,1,0,0,1,0,0,0,0
njlads.frost-pixel.in.net,1,0,0,0,0,1,0,0
nmq41jqp.silkforge.in.net,1,0,0,0,0,1,0,0
normesh1ex.tr1bekit.in.net,1,0,0,0,0,1,0,0
o4bw.si1kforge.in.net,1,0,0,0,0,1,0,0
officiallemontreeroombooking.in.net,1,0,0,0,0,1,0,0
okta.domains,1,0,0,1,0,0,0,0
okta.guide,1,0,0,1,0,0,0,0
omg.lol,1,0,0,1,0,0,0,0
onnabarabane.info,1,0,0,0,0,1,0,0
organizegat.silver-dock.in.net,1,0,0,0,0,1,0,0
ossifvg.click,1,0,0,0,0,1,0,0
ottercultu.fluxhaven.in.net,1,0,0,0,0,1,0,0
p4tter-array.skylint.in.net,1,0,0,0,0,1,0,0
palcomp3.top,1,0,0,1,0,0,0,0
pall0009.duckdns.org,1,0,0,0,0,1,0,0
parisforrent.top,1,0,0,1,0,0,0,0
pasangiklan.top,1,0,0,1,0,0,0,0
patekphillipwatches.top,1,0,0,1,0,0,0,0
pax.ssffaa4.xyz,1,0,0,0,0,1,0,0
pax.syslicense.net,1,0,0,0,0,1,0,0
pdj.gruposhac.lat,1,0,0,1,0,0,0,0
pericomaa.duckdns.org,1,0,0,0,0,1,0,0
persistancejs.store,1,0,0,1,0,0,0,0
pielsteel.top,1,0,0,1,0,0,0,0
pomofight.com,1,0,0,1,0,0,0,0
port4loms.com,1,0,0,1,0,0,0,0
posertret.top,1,0,0,0,0,1,0,0
power-oak.br1ghtpath.in.net,1,0,0,0,0,1,0,0
pr1nt8-port.trace-peak.in.net,1,0,0,0,0,1,0,0
pravaix.top,1,0,0,1,0,0,0,0
private-adobe-client.im,1,0,0,1,0,0,0,0
prod-okta.com,1,0,0,1,0,0,0,0
pstg.it.com,1,0,0,0,0,1,0,0
pvjm75x.silver-dock.in.net,1,0,0,0,0,1,0,0
q0r2e5q2dzbykcox9qmkptm12s8mwb.oastify.com,1,0,0,1,0,0,0,0
qovrentina.com,1,0,0,0,0,1,0,0
quickdocshare.com,1,0,0,1,0,0,0,0
quincepage.xyz,1,0,0,0,0,1,0,0
quor-venis.oakmelt.in.net,1,0,0,0,0,1,0,0
r4il-stack.ember-grid.in.net,1,0,0,0,0,1,0,0
r54-45345.portmap.host,1,0,0,0,0,1,0,0
rag382.top,1,0,0,1,0,0,0,0
raineyandrainey.com,1,0,0,1,0,0,0,0
raitran.vividfox.in.net,1,0,0,0,0,1,0,0
rasin.shop,1,0,0,1,0,0,0,0
rbbfirm.com,1,0,0,1,0,0,0,0
rbzzpi8.vexmoor.in.net,1,0,0,0,0,1,0,0
refanprediction.shop,1,0,0,1,0,0,0,0
regopramide.top,1,0,0,1,0,0,0,0
reso2-vault.prowinserv.in.net,1,0,0,0,0,1,0,0
rk888.org,1,0,0,0,0,1,0,0
rmvlawyer.com,1,0,0,1,0,0,0,0
rnsddse.top,1,0,0,1,0,0,0,0
roofbattle.xyz,1,0,0,0,0,1,0,0
rotorno.click,1,0,0,0,0,1,0,0
rpc.adspect.net,1,0,0,1,0,0,0,0
rvdownloads.com,1,0,0,0,0,1,0,0
safe-okta.com,1,0,0,1,0,0,0,0
sales2016.top,1,0,0,1,0,0,0,0
scan.aquasecurtiy.org,1,0,0,1,0,0,0,0
sceneeast.skylint.in.net,1,0,0,0,0,1,0,0
screect.life,1,0,0,0,0,1,0,0
sdfw2026024.tos-cn-shanghai.volces.com,1,0,0,1,0,0,0,0
sdkconnect121.st,1,0,0,0,0,1,0,0
sdkconnecter.com,1,0,0,0,0,1,0,0
sdnews.top,1,0,0,1,0,0,0,0
searchgo.shop,1,0,0,1,0,0,0,0
searchweb.top,1,0,0,1,0,0,0,0
sel.ssffaa4.xyz,1,0,0,0,0,1,0,0
sel.syslicense.net,1,0,0,0,0,1,0,0
semikeren.icu,1,0,0,1,0,0,0,0
serverfait.qy7mral.in.net,1,0,0,0,0,1,0,0
setup-okta.com,1,0,0,1,0,0,0,0
sewvyh.thornbay.in.net,1,0,0,0,0,1,0,0
shbets800.com,1,0,0,0,0,1,0,0
shitrba.click,1,0,0,0,0,1,0,0
shop.pestodo.de,1,0,0,0,0,1,0,0
sigmatopki-60241.portmap.host,1,0,0,0,0,1,0,0
signaturepl.com,1,0,0,1,0,0,0,0
simvascor.icu,1,0,0,1,0,0,0,0
simvascor.top,1,0,0,1,0,0,0,0
smallmartdirectintense.com,1,0,0,1,0,0,0,0
smarlog.vexmoor.in.net,1,0,0,0,0,1,0,0
smartvault.im,1,0,0,1,0,0,0,0
snapcans.top,1,0,0,1,0,0,0,0
sneakermall.top,1,0,0,1,0,0,0,0
soap2dayfree.top,1,0,0,1,0,0,0,0
socialsignals.shop,1,0,0,1,0,0,0,0
socksforrocks.shop,1,0,0,1,0,0,0,0
solm.it.com,1,0,0,0,0,1,0,0
solpru.com,1,0,0,1,0,0,0,0
somalia-peterson.with.playit.plus,1,0,0,0,0,1,0,0
sonderaktionen.de.com,1,0,0,0,0,1,0,0
soulharvest.s8nph.com,1,0,0,0,0,1,0,0
southterm.vividfox.in.net,1,0,0,0,0,1,0,0
springprof.ravenloop.in.net,1,0,0,0,0,1,0,0
sqfi.vividfox.in.net,1,0,0,0,0,1,0,0
ssg-cdn.beer,1,0,0,0,0,1,0,0
sso-verify.com,1,0,0,1,0,0,0,0
starnet.it.com,1,0,0,0,0,1,0,0
statementstview.online,1,0,0,1,0,0,0,0
stewise.top,1,0,0,1,0,0,0,0
streaming-films.xyz,1,0,0,1,0,0,0,0
suj.uk.com,1,0,0,0,0,1,0,0
sunwinpro.in.net,1,0,0,0,0,1,0,0
sup.ssffaa4.xyz,1,0,0,0,0,1,0,0
sup.syslicense.net,1,0,0,0,0,1,0,0
supplyreef.joksserver.in.net,1,0,0,0,0,1,0,0
svc1infra.coherentmetricunit.in.net,1,0,0,0,0,1,0,0
svc1infra.dynamicshubpoint.in.net,1,0,0,0,0,1,0,0
svc1infra.scutellummatrix.in.net,1,0,0,0,0,1,0,0
svc1proc.activestaticsync.in.net,1,0,0,0,0,1,0,0
svc1proc.viscositydataloop.in.net,1,0,0,0,0,1,0,0
svc1sync.formicidavortex.in.net,1,0,0,0,0,1,0,0
svc1sync.kinematicflowunit.in.net,1,0,0,0,0,1,0,0
svc1sync.primordialfluxnode.in.net,1,0,0,0,0,1,0,0
svc2base.coherentmetricunit.in.net,1,0,0,0,0,1,0,0
svc2base.dynamicshubpoint.in.net,1,0,0,0,0,1,0,0
svc2base.scutellummatrix.in.net,1,0,0,0,0,1,0,0
svc2data.formicidavortex.in.net,1,0,0,0,0,1,0,0
svc2data.kinematicflowunit.in.net,1,0,0,0,0,1,0,0
svc2data.primordialfluxnode.in.net,1,0,0,0,0,1,0,0
svc2steel.activestaticsync.in.net,1,0,0,0,0,1,0,0
svc2steel.viscositydataloop.in.net,1,0,0,0,0,1,0,0
svc3core.activestaticsync.in.net,1,0,0,0,0,1,0,0
svc3core.viscositydataloop.in.net,1,0,0,0,0,1,0,0
svc3edge.formicidavortex.in.net,1,0,0,0,0,1,0,0
svc3edge.kinematicflowunit.in.net,1,0,0,0,0,1,0,0
svc3edge.primordialfluxnode.in.net,1,0,0,0,0,1,0,0
svc3user.coherentmetricunit.in.net,1,0,0,0,0,1,0,0
svc3user.dynamicshubpoint.in.net,1,0,0,0,0,1,0,0
svc3user.scutellummatrix.in.net,1,0,0,0,0,1,0,0
svc4link.coherentmetricunit.in.net,1,0,0,0,0,1,0,0
svc4link.dynamicshubpoint.in.net,1,0,0,0,0,1,0,0
svc4link.scutellummatrix.in.net,1,0,0,0,0,1,0,0
svc4sat.activestaticsync.in.net,1,0,0,0,0,1,0,0
svc4sat.viscositydataloop.in.net,1,0,0,0,0,1,0,0
svc4static.formicidavortex.in.net,1,0,0,0,0,1,0,0
svc4static.kinematicflowunit.in.net,1,0,0,0,0,1,0,0
svc4static.primordialfluxnode.in.net,1,0,0,0,0,1,0,0
syavsp5.top,1,0,0,1,0,0,0,0
t1mb-drive.prowinserv.in.net,1,0,0,0,0,1,0,0
tancong.xoilaczzqzpt.tv,1,0,0,0,0,1,0,0
taukeny.com,1,0,0,1,0,0,0,0
tax-statments2025.com,1,0,0,1,0,0,0,0
taxationstatments2025.com,1,0,0,1,0,0,0,0
taxfnat.tw,1,0,0,1,0,0,0,0
taxhub.tw,1,0,0,1,0,0,0,0
taxpro.tw,1,0,0,1,0,0,0,0
tdsc.top,1,0,0,1,0,0,0,0
tensorparticle.cr4ftlane.in.net,1,0,0,0,0,1,0,0
thea.gruposhac.space,1,0,0,1,0,0,0,0
thisisafalsepositive.ru,1,0,0,0,0,1,0,0
tiffanyearringforwomen.top,1,0,0,1,0,0,0,0
tip.ssffaa4.xyz,1,0,0,0,0,1,0,0
tip.syslicense.net,1,0,0,0,0,1,0,0
tiw.uk.com,1,0,0,0,0,1,0,0
tjousypbf.localto.net,1,0,0,0,0,1,0,0
tkooyvff.cn,1,0,0,1,0,0,0,0
todoarmarios.top,1,0,0,1,0,0,0,0
todocalefactores.top,1,0,0,1,0,0,0,0
todocarritos.top,1,0,0,1,0,0,0,0
trackpipe.dev,1,0,0,1,0,0,0,0
trail-vector.silver-dock.in.net,1,0,0,0,0,1,0,0
transfer.af-k.de,1,0,0,1,0,0,0,0
transfer.weepee.io,1,0,0,1,0,0,0,0
travelplace.top,1,0,0,1,0,0,0,0
trendings.top,1,0,0,1,0,0,0,0
trifluxos.skylint.in.net,1,0,0,0,0,1,0,0
twmoi2002.tos-cn-shanghai.volces.com,1,0,0,1,0,0,0,0
twswsb.cn,1,0,0,1,0,0,0,0
twtaxgo.cn,1,0,0,1,0,0,0,0
ultra-f4ct0r.skylint.in.net,1,0,0,0,0,1,0,0
universaltechnology.top,1,0,0,1,0,0,0,0
uochut.shop,1,0,0,1,0,0,0,0
upstar.pics,1,0,0,1,0,0,0,0
urkahvsj.trace-peak.in.net,1,0,0,0,0,1,0,0
uuaa.faser-tech.info,1,0,0,0,0,1,0,0
uvqy.joksserver.in.net,1,0,0,0,0,1,0,0
uz1gap10.ember-grid.in.net,1,0,0,0,0,1,0,0
v4lle-route.silver-dock.in.net,1,0,0,0,0,1,0,0
vaultauth.thornbay.in.net,1,0,0,0,0,1,0,0
vcretysec.top,1,0,0,0,0,1,0,0
vhg5e.fluxhaven.in.net,1,0,0,0,0,1,0,0
via345.top,1,0,0,1,0,0,0,0
video9-plate.trace-peak.in.net,1,0,0,0,0,1,0,0
villahome.top,1,0,0,1,0,0,0,0
viloriterso.icu,1,0,0,1,0,0,0,0
vimsltd.com,1,0,0,1,0,0,0,0
viptravelcentres.com,1,0,0,1,0,0,0,0
visualstudioserverredirect.duckdns.org,1,0,0,0,0,1,0,0
vog168.top,1,0,0,1,0,0,0,0
voicetrusted.cr4ftlane.in.net,1,0,0,0,0,1,0,0
volt-dock.skylint.in.net,1,0,0,0,0,1,0,0
vta.uk.com,1,0,0,0,0,1,0,0
vurul.click,1,0,0,1,0,0,0,0
wandan.top,1,0,0,1,0,0,0,0
wap9.top,1,0,0,1,0,0,0,0
warpdrive.top,1,0,0,1,0,0,0,0
watc2-crest.ember-grid.in.net,1,0,0,0,0,1,0,0
watchesbest.top,1,0,0,1,0,0,0,0
wavob.top,1,0,0,1,0,0,0,0
wbeia.n0vafield.in.net,1,0,0,0,0,1,0,0
wdpoqr.thornbay.in.net,1,0,0,0,0,1,0,0
wdwnp.top,1,0,0,1,0,0,0,0
wexalrivo.com,1,0,0,0,0,1,0,0
wexmri.cc,1,0,0,1,0,0,0,0
wnkk.cinder-row.in.net,1,0,0,0,0,1,0,0
www.brentadams.com,1,0,0,1,0,0,0,0
www.cfblaw.com,1,0,0,1,0,0,0,0
www.chosunshlpping.com,1,0,0,0,0,1,0,0
www.chosunshlppingbackup1.com,1,0,0,0,0,1,0,0
www.chosunshlppingbackup2.com,1,0,0,0,0,1,0,0
www.gerlinglaw.com,1,0,0,1,0,0,0,0
www.immigration-defense.com,1,0,0,1,0,0,0,0
www.investonline.in,1,0,0,1,0,0,0,0
www.ndibstersoft.com,1,0,0,1,0,0,0,0
www.schwartzandschwartz.com,1,0,0,1,0,0,0,0
wwwc168.com,1,0,0,0,0,1,0,0
xcloudtv.in.net,1,0,0,0,0,1,0,0
xelesex.top,1,0,0,1,0,0,0,0
xgh.ssffaa4.xyz,1,0,0,0,0,1,0,0
xgh.syslicense.net,1,0,0,0,0,1,0,0
xmri.network,1,0,0,1,0,0,0,0
xn--ecki4eoz9542g88yc.jpn.com,1,0,0,0,0,1,0,0
ydh7.shop,1,0,0,1,0,0,0,0
yntz6.shop,1,0,0,1,0,0,0,0
youtubevideo.top,1,0,0,1,0,0,0,0
ytjmc4o.br1ghtpath.in.net,1,0,0,0,0,1,0,0
yungask.com,1,0,0,1,0,0,0,0
yxta.top,1,0,0,1,0,0,0,0
yybvf.top,1,0,0,1,0,0,0,0
yzcpwxuhbkyjnyn4qsf4o5dkvu6m2fyo7dwizmnlutanlmzlos7pa6qd.onion,1,0,0,1,0,0,0,0
zaheirx.shop,1,0,0,1,0,0,0,0
zakachka.top,1,0,0,1,0,0,0,0
zbyq.cn,1,0,0,1,0,0,0,0
zeetcckhtudizieudqyck5o4ez16y973h.oast.fun,1,0,0,1,0,0,0,0
zenspirear4.cinder-row.in.net,1,0,0,0,0,1,0,0
zerolendnow.top,1,0,0,1,0,0,0,0
zju.edu.cn,1,0,0,1,0,0,0,0
zt45gg.top,1,0,0,1,0,0,0,0
