ioc,score,sources
00019221fb0b61b769d4168664f11c1258e4d61659bd3ffecb126eaf92dbfe2f,1,otx
002573d80091f7f8167bcbda3a402b85fa915f19,1,otx
00448202da207aa359b9187e7438f2fd7d642d9935a79b8812d5f72d4a3c7b17,1,malwarebazaar
01022facb38cf60b052e65a682f4a127,1,otx
010f51f6fc725a5648fc303aa9793e7399546bd6e47fe1618eafe7b6bfcaeea7,1,malwarebazaar
017933be6023795e944a2a373e74e2cc6885b5c9bc1554c437036250c20c3a7d,1,otx
01f08f4b84932336ac315aadf3b4a87a6bbd9c94034f9525904b36b17b519707,1,malwarebazaar
020679101727de55cee769375f4332784b788007,1,otx
0221d06009b9848a3e1be34405fef1d586b84d115f10109de8f9c2e4806b6f40,1,otx
023d722cbbdd04e3db77de7e6e3cfeabcef21ba5b2f04c3f3a33691801dd45eb,1,otx
02ce798981fb2aa68776e53672a24103579ca77a1d3e7f8aaeccf6166d1a9cc6,1,otx
03298f85eaf8880222cf8a83b8ed75d90712c34a8a5299a60f47927ad044b43b,1,otx
033f42102362a8d8d4bdba870599eb5e0c893d8fd8dd4bc2a4b446cbbeb59b99,1,otx
0393e898f4425195d780346634e619b80f283a8223b9724db56dee87afbba486,1,malwarebazaar
03af2bf85923ce0fda7c20f8f82839c9,1,otx
0448ec0d30fc0ee4fca250b81004198e49d8847d,1,otx
04a162a5b7da204dcb3c099294fa3cf502af6f925073d0edddc30e98993f505f,1,malwarebazaar
052d5220529b6bd4b01e5e375b5dc3ffd50c4b137e242bbfb26655fd7f475ac6,1,otx
054a32d6033b1744dca7f49b2e466ea2,1,otx
059ac4569026c1b74e541d98b6240574,1,otx
060ed0ec27a0a4ad7b55425ed56d8ef0c55aa61b499d4884d1679f18d518ddf3,1,otx
0616c34bd21726661f9ec40e50d75d7e2a921f600f3a8c9d322020d04c305e76,1,malwarebazaar
06a0a243811e9c4738a9d413597659ca8d07b00f640b74adc9cb351c179b3268,1,otx
06e12e4393c9554c81bd087446e32890a45fc77ab6f048e0dd0db1d4cc010f1f,1,otx
0821661e715fe64bb39f4fece277737a48fd6839edd40ec8a4a39bf04cea8524,1,otx
08390a5fb95dd1a63585e011885d01e4,1,otx
083f604377d74c4377822ef35021e34ad7daceea,1,otx
09735640d6634b0303755a9fd3b2bc80f932126c,1,otx
09a356e0de2b2b6125de01d67f28fdc2f533656867748aaf889ae3d675c2b86d,1,malwarebazaar
0afa88a4dde47b4ad21dc1de87293814fc51499c,1,otx
0b78456a6c1fb8aa77bb2d475ab3815a04a86333111e54bf2a9f69968bbc73c8,1,otx
0ca138ba09f22e40f191de9dec95229252f53688994167ae39117a8dcfb07704,1,malwarebazaar
0cd925d723a13f05f42564dea2e9d2f5ab58a7aa,1,otx
0d2619844a3ab68ee18c3a4768b10e6b8aea31143023277883b7ff9f7a9e55ca,1,otx
0ded1a1eabec8ae0ffb0b512871e7b545878437a,1,otx
0e9df9294c36702eee970efcb4a70b6ddb433190ab661273e2e559185c55b6c1,1,otx
0f7e470bc92df3320db7aa731a39a73b7a1a394f816564783611861e2cbd5286,1,otx
0f93a9a00e3d4b36c554d9abfb42fddcc4ce344c,1,otx
112bf17e7c0d0695e9229d60f0d2734c6b96d7edfb41ea3e98e518f4fb1ae6e9,1,otx
11370e108c8e7a53e52f01df0829c8addb5833145618a7701fbedbb1d837a43d,1,otx
11ffeabbe42159e1365aa82463d8690c845ce7b7,1,otx
127b50c8185986a52ae66bf6e7e67a6fd787c4fc,1,otx
148405ff05bf15a6a053e4e7c1795d40,1,otx
148c0cde4f2ef807aea77d7368f00f4c519f47ef,1,otx
15dfe9d443027ba01b8f54f415fd74d373b3a06017db8ef110fb55b33357b190,1,otx
16c8b5e10135d168d73a553a4bda51628e5b4fd419c0ecd47ca4cd7aa864ebd5,1,otx
16ca5165e297c6c20003186943571394173249f10e376f4d1c085304f5cca087,1,otx
16f83f056177c4ec24c7e99d01ca9d9d6713bd0497eeedb777a3ffefa99c97f0,1,otx
1820b89d8c476762db802e1bc408f9e4,1,otx
188fbca265e418831352e36d9a6af8a763428310,1,otx
18a24f83e807479438dcab7a1804c51a00dafc1d526698a66e0640d1e5dd671a,1,otx
18df68d1581c11130c139fa52abb74dfd098a9af698a250645d6a4a65efcbf2d,1,otx
1900ca9b482273df3127e221526023c025808d8fd65769a418fe1f346e7d41e2,1,otx
1929e224e17e121829d53d4a5fa7c253de92bb5f1859684eeddad926a0b92fed,1,malwarebazaar
19645fc596fd49196581f751f9217030d5bec9eb10d1d836668407e0304730aa,1,otx
1a6bceaf9e4efe70144984dc76be7c9d0ffcfaaeb76325a4394f6eb14e3a5135,1,otx
1b576ebba5b7bbd023eea1b15dac1ed3fb76a211,1,otx
1b6326857fa635d396851a9031949cfdf6c806130767c399727d78a1c2a0126c,1,otx
1ba433b6fa25c78ef6bd1093945f931eefd00abffe185d011d6759eb518e681d,1,malwarebazaar
1bcd0a0f671559848969e5089342f4e3492ae57cc77f6c54f4d2965b5aa7310a,1,malwarebazaar
1c19c2e97c5e6b30de69ee684e6e5589,1,otx
1c389bf1859a00c58b6a97c02fc26c2fe9766c43e06242a94e92b6585b62398b,1,otx
1e3a7e978953bbe040cc5e0743b926fe3407ab949370b791d2de6655a704ef73,1,otx
1e7567c0d525ad037fbbbafb643bf40541994411,1,otx
1ea8360c4d3b7ccea50e9f19630be9d23df26ac713799e2f8457520c0d29bdda,1,otx
1ed329c2b7d68331e174a27eb1a928c6651c23b4c4a478e560ceeb63d4f9669b,1,malwarebazaar
1ef1c328966f680c17d5692d6f1bd7d49dbcf245,1,otx
1ef1dac7a649b77758d61bad607d315b3c9a8439,1,otx
1fa071303fb846308571e64727501fb98b1c2be6,1,otx
21a24922b29742977c4f7e25dd2be056dc02bc5e70c98e32ec3e0c6206f4d9ef,1,otx
21dedc8dbeed3426d6b80adf0ce50090daf472c8fd23f9f69fb5accac22a687d,1,malwarebazaar
225f57aba3250d648e7bc4ad51b533552a3a0e0425817d02b1d3b668fddf78bc,1,otx
22d1967c66fdc4155c2369654f32f29321ab8c2c,1,otx
2329b477f5eca51bb73e332a11a5f69dfe71ab2f,1,otx
23e2a0c25c95eebe1a593b27ac1b81a73b23ddad7617b3b11c69a89c3d49812e,1,otx
245c0ce14ccab1e6569275ff36556f19f4da453a,1,otx
2480f565b4a3888411f0bfef86f1d97a,1,otx
2524e9d5ed1e55332fe2d1cc0e7ad4e2656ad5ca624199e6f619325979b3529a,1,otx
281226ca0203537fa422b17102047dac314bc0c466ec71b2e6350d75f968f2a3,1,otx
28278b8c85c832417f9860fe8ea3ddbb9ff1d5860317db4813227a3a52b7c7cc,1,otx
2834114ff7e487c4ca3f50ca39f7d652dea1be98f885c388f01b6ff35309307b,1,otx
285ed394e124ffc55c531032149d3dff9540b27bca5065d7f1a212476040954a,1,malwarebazaar
28a03d29e99c75fc9603b9e5193f97feca561bdc6db4271cdb2d522b9d5b2ae3,1,otx
2a4ee7edcd12ea727af4eec78ae4e15620678cb9a53b53630acb7144097efb11,1,otx
2a9c036ed1f2a86bec63ead2f2d2e6412faf6ada,1,otx
2b409a265f571dccde6ef4860831c1b03d5418d1951f97925315dc5b0891da04,1,otx
2bbe998f987858af2756ad72a8df8e4f,1,otx
2c5fb4e1b75c2a26e9e186069d61e8204c7dc8752d3b9b95087b19b1020df691,1,otx
2cd15d5d4cc58d06cfb6be5eabc681925d0ce5ce,1,otx
2cd2d7574448728c703586f7b49304d96f67d2ffc3c9a753d79fca6957a331f0,1,malwarebazaar
2ce62601491549ab91c9517e0accf3286ed29976f6ec359d31ddc060a8d99eb3,1,otx
2d0c4e2ec283c969e9da40dd0b3f778307c88f9991b9a55cd2f97b2a05f2d067,1,malwarebazaar
2d2fc2b9d2914d27ffed6d06e71ff5631e1390ed5d6d35ea1c4b7558e8b7c8b2,1,malwarebazaar
2d3791bd8072cb670c2d866ff28b24eb55e52895d785b1cba88cbfeba8cf2eda,1,malwarebazaar
2d89fb7455ff3ebf6b965d8b1113857607f7fbda4c752ccb591dbc1dc14ba0da,1,otx
2e1b0ac49313873a0e0b982c591a5264,1,otx
2e5a56beb63f21d9347310412ae6efb29fd3db2d3a3fc0798865a29a3c578d35,1,otx
2ef9973e259a0959f19ec1307928cc237945179226e8606b386d60cebca4143f,1,malwarebazaar
2fa73ce2b5dcd03adf58a6a7692ef97fb005b967c2336686dd45495ec8b967e6,1,malwarebazaar
312a0e4db34a40cb95ba1fac8bf87deb45d0c5f048d38ac65eb060273b07df67,1,otx
31804c48f9294c9fa7c165c89e487bfbebeda6daf3244ad30b93122bf933c79c,1,otx
31ce76931ca09d3918b34e3187703bc72e6d647e,1,otx
31f69d67eca6f3fc837e8d10dff4e2fb6643e33c118cff87df4fee2b183bf0e0,1,otx
3288c284561055044c489567fd630ac2,1,otx
34270b07538b7357cf10d0d5bda68f234b602f93,1,otx
3470d0f9dd75bc9b26dd9418af2d29b5bbf21d07,1,otx
3498e5123f367ab41abe107887aecdf59393f286,1,otx
349e78de0fe66d1616890e835ede0d18580abe8830c549973d7df8a2a7ffdcec,1,otx
34a7d2fd54260b9e4188d2dc395d1bc2714c1a3f,1,otx
34bbd72cda6683f6deafb627aa8f5cfeb35addeb5099d88ddaa2d59c9cf60ba3,1,malwarebazaar
352c6d868b5b01ae99d6a2006a1c6fcb,1,otx
35efc4b75a1d70c38513b4dfe549da417aaa476bf7e9ebd00265aaa8c7295870,1,otx
36e65d9e1863623ec984fc4f0d8d75720309710ef8e9a7a5e06c8d4a870b3b13,1,malwarebazaar
37e8b57ff4d724053b1917dc6edaca0708d44ceecd00cab7e4cabb336c2868d7,1,otx
38c55481911e7f789fc68628c7b9d9a2f8139524ac2deffe85ffe3ac9dce8178,1,otx
38ef725286d584e63c71d3fbab0eaf89,1,otx
39cd8e0ec8ce8c4505289323d832af733098351d,1,otx
3a20d1a83c122e5bbd010738e1978106167f8db873780d836cad8bca11bff5be,1,malwarebazaar
3ab9575225e00a83a4ac2b534da5a710bdcf6eb72884944c437b5fbe5c5c9235,1,otx
3ac57bea954ce68dc937f6954ae8a6a19a367a579aeeda7cc93ddd5968fae250,1,otx
3ada20fbd80ec7f536db8303a5fa029af741a6914de61376ac8f81ac3ac728fd,1,otx
3b5658532bc4058131689c5641def85d7ae25d5b837d3d1aff3af7bb25581f17,1,otx
3c1534bf261eb0924b7f6e32114e8da523518accc502e309104ebc16b5bddb9d,1,malwarebazaar
3c32716a705717c723e969fd8cc095012f17834cb67d813569f2b1841139d289,1,otx
3c499faac4b973c237670f046973691a245ecd735ffebcca3e93337d94b71cde,1,otx
3c4b87be8450e3120b7ad2b11ff59850950beb39906dc1636b3ee7b6390f2086,1,otx
3ee4abd301d45509e5cb08cc0dda7e10dee708f2,1,otx
3fd73115a166157e731e8b538155ab4f,1,otx
41c02f202b6d8bf745b7435eef44665c84f6ed60,1,otx
4200b46a93c6ab059e2b34ce200c4a5b,1,otx
424a1ab33890d6c6448dfc25507ac17d48e7d406caf287c62082225ef1c5358d,1,otx
42971c5adb3f6ddece9ecfc9e58865c339fd04c0e98ed7ea8e329f61bb310330,1,malwarebazaar
42bcc743c71a9ea083c1c750a398110582796762,1,otx
42c062d6299ca9f76554441a29429404,1,otx
42e2df5d70c07bb247b66dc8551d81f7d725282e071439f25109f8b5216c3d2f,1,malwarebazaar
447cbf2449ef80c203b28b5fe74ec819b3cb1ea3f95869e411385d4338e6d828,1,malwarebazaar
454c3881ca6a4de23eed3d09884fa43485ee0a80de54187259639ce60949ba02,1,malwarebazaar
45b6b4db1be6698c29ffde9daeb8ffaa344b687d3badded2f8c68c922cdce6e0,1,otx
461ade40b800ae80a40985594e1ac236,1,otx
468121e7d6952799f92940677268937c4c5f92ed,1,otx
46ffe7a6284023dfb161e46b56c06c6dcec626a32d4b188a28a5d5b404486f05,1,malwarebazaar
4732f025a2a69f6c40787854c5da122689702f00f4f423061bb30ab7fa1e98d3,1,otx
474b25badb40f524a7b2fe089e51eb7dbafd2e3e03a9f6750f72055d05b13d76,1,otx
476fea13d8ecfa9e452dac5a3f0a6b124584192a5657aad30bb13fbcb4e0837c,1,malwarebazaar
479d0947816467d562bf6d24b295bf50512176a2d3d955b8f4d932aea2378227,1,otx
47ec51b5f0ede1e70bd66f3f0152f9eb536d534565dbb7fcc3a05f542dbe4428,1,otx
495d1d500afc5ec700a0a15bf34862973e8e0152f9346b322a468cbe6e7c9d1e,1,otx
4a57083122710d51f247367afd813a740ac180a1,1,otx
4b3e139c122df9fbc08442b7823ebde9,1,otx
4b5229b3250c8c08b98cb710d6c056144271de099a57ae09f5d2097fc41bd4f1,1,otx
4c52f12b45f5c0afb3684647222419332c1627ea95af03553fdd9e3a509d272b,1,otx
4caa797130b5f7116f11c0b48013e430,1,otx
4d4161392bf438e96d9f068767bba274b4f7f79900e8f4aa62314ff33926c557,1,malwarebazaar
4fbf867e3c691edc4cadaa7f637b37b727368911,1,otx
4fd58e9815354ef73a21808d316c0929128bc30f704d525cd5f7d9a1c33a745f,1,malwarebazaar
50be18615cb70a8edfd12e005a025fa94a927807412f48d4e2c1d25b97ed0961,1,otx
513d29bcb362c716370990e21c881843,1,otx
51b9f246d6da85631131fcd1fabf0a67937d4bdde33625a44f7ee6a3a7baebd2,1,otx
52601d295b5468aa9e2db1802fe55dab437128584df4f20e9bac164ac4ec8ec3,1,otx
53179cd9d135d5fa868d3c9c59f59351,1,otx
5381b2a7a77448c4908f5c79d21631f56c88ead0365981cac1dcaafe493c313e,1,otx
53e059cab287674515454b51f4dda281d0812a51fff2c9c7f9b077d3a475600a,1,otx
53e9511401000f61c9d910b92cd6d5a58e38ae541975135944885e53fa91ecb7,1,otx
54547180a99474b0dba289d92c4a8f3eea78b531,1,otx
54de95cc33834a2f877ba4842860af27,1,otx
54f00324f7070a9a7308fdea9eaaa58e96e96273608a75db5bacdd410f50f0c0,1,otx
551e62437edab9e496ed3339f10a15cd35e3e819,1,otx
5620216dc128a3d9292defee29b7f295c33eda97e5be9a0eede777d9d70efae5,1,otx
56d3bb5e8771b41b11d368e70ddd26fe6f1e7bd00b3aafcfd4c34ef62f87093d,1,otx
570161a420992280a8eced253edc800296b72d1c,1,otx
5734ef7f9e4dba0639c98881e00f03eea35a62ee,1,otx
57539c95cba0986ec8df0fcdea433e7c71b724c6,1,otx
5786b5eca3045d0bc95e19469b852cc10a454f94302c528e336f183bc25bacd4,1,malwarebazaar
57a97c7e7821a5776cebc9bb87c984fa69cba8f1,1,otx
59a720298197fbeacced0da954a2d0c590f61ee730a79d4d329d0974e5e29324,1,malwarebazaar
59e7e7698d77531bfbfea4739d29c14e188b5d3109f63881b9bcc87c72e9de78,1,otx
5a193ea4c326f14bf9987dc02622b660c2b135c9e99af500db2dcaef8cbc8996,1,malwarebazaar
5a7110828ff6a69d0b7c3a58b8022b7c29cd2ef52110bae5ee87fbb715246811,1,malwarebazaar
5abe477517f51d81061d2e69a9adebdcda80d36667d0afabe103fda4802d33db,1,otx
5ad34f3a900ec243355dea4ac0cd668ef69f95abc4a18f5fc67af2599d1893bd,1,otx
5b355e00fe7880656895f4318d9ad2676f19b1f503461372c58264bc06bdf383,1,malwarebazaar
5b573de08c6980957556c94666e81544cdb0d084e9e880cb32c937a851274930,1,otx
5b7b280b53ff3cf95ead4fd4a435cd28294c5fce6a924ec52e500a109deb868b,1,otx
5bd8f9cbd108abc53fb1c44b8d10239a2a0a9dd20c698fd2fb5dc1938ae7ba96,1,otx
5bfb2961a5781834439ea1d5b92184729300f325,1,otx
5c41c075bfb1fcb85095b539e0c97a07c62379518ae1289677b118c550afb5d0,1,otx
5d6b9e80e12bfc595d4d26f6afb099b3cb471dd4,1,otx
5dfbd8cf98ebd4977d4f240dcabd5cd67b936c0095c2d5b9a77896daea877df6,1,otx
5eebdb584a1acd6aacc36c59c22ec51bbd077d2dbbe0890b52e62fa6fb9cf784,1,otx
5f024aa8bd4b5eec7abcb33a28c3b2e4,1,otx
5f1bd92ad6edea67762c7101cb810dc28fd861f7b8c62e6459226b7ea54e1428,1,otx
5fea22f442e7fd34a54008e363446d13,1,otx
5ff742e134e3d17ec7abea435f718e8f5603b95e7984e024b2310ac9ef862ddf,1,otx
60ff43424c0ba9dc259ab32405345ef325a4cb4d0baf0c0b0c13f9d3672e99eb,1,otx
6186f34c1711a00dc417e47ceb97fb7f,1,otx
61e103db36ebb57770443d9249b5024ee0ae4c54d17fe10c1d44e87e2fc5ee99,1,otx
61f65bd593ea0e52ac0dfdc6bc9cd73a,1,otx
62528f64a6515df67129ca7bea4cca43b01146d2d166cc3b0bd890f27efc38ea,1,otx
6272ef6ac1de8fb4bdd4a760be7ba5ed,1,otx
64a2609d6707a2ebfe5b40f5227d0f9b85911b752cd04f830d1bbc8aa6bec2c8,1,otx
64e35f89ac89fce7d2d52dc6064561451c0f262f51f10bdf17b296eddd60841f,1,malwarebazaar
64f1310f6300870f1c81792733e92e5e,1,otx
65c2388b0afb1d1f1860bb887456d8d6cd8b5645,1,otx
6664b0422572b39301c42392eedd722e8007dc17b579e111166dc41f4519f306,1,malwarebazaar
6718cb66521a678274e5672285bf208eac375827d622edcf1fe7eba7e7aa65e0,1,otx
6766583b498a5dd544548791a5b42da8,1,otx
67d17ca90880b448d5c3b40f69cec04d3649f170,1,otx
67e3dbde303c8fc70020ee94c0036a1499f34d029655f6f1d156fbe002125470,1,otx
68c6411cc9afa68047641932530cf7201f17029167d4811375f1458cae32c7bd,1,otx
68c926af0d796a80fcaee24774b1ca0a2c393c3a0e30650c4d2d7965736043ca,1,otx
6961710721e74d9b3f28dd595b01abc7ee71f0d8339b4cf95679435601302ae6,1,otx
69cfd3024bb89fc2f7fdeb87c77b35bf8216e31c2146161f0b3dfaec25da771f,1,otx
6a11656d8a285f986e28ac96b899f0410ddaf7528f47ac4b68d469af425023ff,1,malwarebazaar
6b2c41b42f75e64d435ba56c2f2b6d79a11b862a2d994487dab3e51e298bc5c9,1,otx
6b6cc3179bf505565b0779133f52ad6cb96cd0649f939473e9756fdaa1367f78,1,malwarebazaar
6b93b7372941a09f1ea69f8b71c5c4e211ea0f8a24061e702002ca84457bcddd,1,otx
6bc8e3505d9f51368ddf323acb6abc49,1,otx
6c523cd65d1dcb302b24fae3f602047b68961550c112dace0a147e8c343009ba,1,malwarebazaar
6c629cd9487c0602560a56713dc198a7ea7e3e95,1,otx
6cab7116f3c82193be4620c25934a9451f800ba2,1,otx
6d0857a9c77f9c5f2a5e6921e1cb9f7e1a5d6b947ad63b364d291157d3f840fb,1,otx
6e360fca0b1e3021908f8de271d80620d634600955fefc9fd0af40557cd517d7,1,otx
6e6a323bdfddb54407a075c887a6adef9f3c5fa1e5e81d51dc49ab61846637c6,1,otx
6e843f82431acbcb35dffcb1a5ae40ef4c1127e9ae6f2e5f738e7355d3a89ceb,1,otx
6e89b763cd4dd79f0c3082f09813efbd3dac4374a95455fe86ed27c363309a45,1,malwarebazaar
6ee94f6bdc4c4ed0fff621fec36c70ff093659ed,1,otx
7046504772486b61ceb6cb14f42e8fa1,1,otx
705218791dc6d4eccd0823a66fcaf3f3c6f42881,1,otx
70f3a6fdbbc5e2ae79c28b48b6478ee3c8ea6f2b705ca9dc9bf8e63a4f6e0c8d,1,otx
7115dcd7a17c6d5f4e01d72a7056a6f7e9a9ea7556b6f8fce02be0b97f632ddf,1,otx
711c95fead2215e9ac59e32e6e3b0d71ad5c5aa5,1,otx
72baf2ecb0a9df607e54b64c0925ffc6739ab5a8b18900bf5c1930bcc799395d,1,otx
73048cb6506443e482935586edb2af3f6a0c8ca44b061172b5be826a0f1e92f6,1,otx
7310d6399683ba3eb2f695a2071e0e45891d743b,1,otx
7365bb5c74edcbf71977b31280d69aed7e6a49c8a80ab8076fef84f138df98e4,1,otx
738aa2649686dd0c024bd3ae79cb9e346985859d141ae6615ddd26e3e168b4d8,1,otx
74064d191ab454bbf75e899e4097332d4a8897b13c448db02022c662135e8405,1,otx
740ba132020a6da830165ccae735eac97faf04d74c3ab747e02f535fd827ccaf,1,malwarebazaar
7418c4ddeecba68e253e89622ad9ca45597d9350,1,otx
743f7ad2d7802a1f951899d6175df69622e51846,1,otx
748d546c6db44f6aa4bbb8e586d79f56c63fa87580eb19a0f2d5079cbe0952b7,1,otx
7509365935fc1bfadba20656698d3a29051031635419043bc2bc45116106e026,1,otx
757fab47afb89ab13052ce31a1f86c4d74397acf375654f763266e67dae319f4,1,malwarebazaar
75f85caea52fe5a124fa77e2934abd3161690add,1,otx
7636a06e18f08b002367e059481eb5585b0aa728c56f01ad8f0ddf489de8dbc6,1,otx
77d44715bd0ead14867d5c46dba2e6e43b8bc303e88da5309ab60f9828d1c876,1,otx
79040421b5a48dcc6e611dfe187b2f3e355791ad8511adb84f5c0948aa1d6c89,1,otx
793663819dfdf5baf435ecccd2a4110953cf045dacafe2dba309b45b9f3a8490,1,malwarebazaar
797ae2dbb2c538710fefe75dbe380b9f55b614cb03c4ae09bb3172e8234dd9d9,1,otx
798af20db39280f90a1d35f2ac2c1d62124d1f5218a2a0fa29d87a13340bd3e4,1,otx
7a73ae8cca6ce6fa88f89d6154811cb453d6e6db9fa8ed5fbdaf8895aae601a5,1,otx
7a93df75904d890d02b798ddeb1a3f50456c299f3b37586d6a1b72798f1b4284,1,malwarebazaar
7ab1402b55498ca9e67477958d6b8794f00f2d814f6af37803329f673616bfe2,1,otx
7b19538dcf6d4bb84590c458f09c5707c8db53a42861fa56533c49c1a3acd953,1,otx
7b9b75d7febf015003ac167e122b0cdfc561883b725252d593a85a42eba4b6bc,1,otx
7bfea7d0895c51d56f01b266c5b26c18c8b7678c,1,otx
7c7b7b99f248662a1f9aea1563e60f90d19b0ee95934e476c423d0bf373f6493,1,otx
7dc50e8af0070e544bff5299405cd3b9,1,otx
7de3df7d279686adf7a3f9a3160dbbd35be0024cd3de2a22cae911efb61fef8c,1,malwarebazaar
7e3634bfd66e601d7585b237437f11f7d614b33705ba5f7bd75ab176c8250d38,1,otx
7e7c533bd42d386d95e6bd299efc1ad3ef5ea58e69c08bdd2d02fc97e89e0e53,1,otx
7ec97405aeb271c73a7bbb9d466f755c18921f16403dab581e79d1096aadfd03,1,otx
7f239306e6e32246a07818b3600932c1ad85a42e9902370d98d9fc0f1b120ec7,1,otx
812df0efea089b956d08352ff0a7e8789d43862dc3764f4441d4e1c1d1fb7957,1,otx
81956d08c8efd2f0e29fd3962bcf9559c73b1591081f14a6297e226958c30d03,1,otx
82ed942a52cdcf120a8919730e00ba37619661a3,1,otx
8579002d5f31cef7a8d2da0afae1ac29,1,otx
85872d267e1125e8bba0c460a8a7416d0845e9794a49a90a0dde8c9401f07a03,1,otx
85892a04d28e1962511c2aa4ffd5e9ef3e34e4280a2022427d617d884fa1e774,1,otx
858dfa529b960c6f6226b53beb55ba1900d3f498ba7be40724ed5c16d7d5a44b,1,otx
85bc0a4f67522d6ac6be64d763e65a2945ec5028,1,otx
8693092fdf1af07ccab47819f5d7f3b8a7662720a3d81a8342b70dcc89059410,1,malwarebazaar
86cb3e6750f76c5d2d7eaeb176f5a5b92a2fbf7b,1,otx
871e5629d9c8898babf3ed579586e3f5f94a6c4623d3a0a7f9a99bf9d95ffc7b,1,otx
8763749fd09245e7fa8c0ee2cc797d5520a9ef5d6846f044a0cd7c969c4bd7d4,1,otx
87ef82757aba83e7eb63c7c35dbae97a,1,otx
88316009a12024f2bad2ebae81947c224fcc90179c98a8d4807d834d853149e2,1,malwarebazaar
88aeb91728917d64b974e3d804aafbac7e006c5fada689fa484db93a89c57a77,1,malwarebazaar
8901ce810f999f79c51c4d4f6c93fe6b,1,otx
89d839bbdc786c006304f3c6c6939150380aaa9e84d82bc31cdf0cf7609a6243,1,otx
8a4033425d36cd99fe23e6faef9764fbf555f362ebdb5b72379342fbbe4c5531,1,otx
8b21fbd40c89763f51d5e06680c0971623500f4724c25958446bac794797057b,1,otx
8bab731ac2f7d015b81c2002f518fff06ea751a34a711907e80e98cf70b557db,1,otx
8baebd525324297faf86639266060172ded963767c832a609a991fa92c8463ab,1,otx
8c2c4ff54b48631d324b643a333ae08161a091f439cfcb684cdf2157a42c9912,1,otx
8c52e67eeec211199bc11eb330eb03a2,1,otx
8c8c93a6b6c6d6e632a54877fc1a209e,1,otx
8d1ed904d90e08048f42cdc9a25c2159f0f8dc4aa9dc01b0207645ea53abe189,1,otx
8e79a1a6e6df1f622fbbd2bde9fe19f93340da2bd1be6d70b91fd62dce5e74e0,1,otx
8f6015c8cedda99de6ee8e11ac39ce4ada2dbb722f6ed3349a95c5d2c05a7944,1,malwarebazaar
900f98976449ae4e122683de627c50b7,1,otx
90b6a76843e74362c92ef691a0d078a5cc0cdc2a396ecf1b63eae7291215faff,1,otx
9165d4f3036919a96b86d24b64d75d692802c7513f2b3054b20be40c212240a5,1,otx
932457d3eedfaedb7f2a2ccdcbacb9a15c5833fd72737ff31dfb015b3b20b15e,1,malwarebazaar
93a2fe494017319e1b6ecd78a28db3d349f762e71e59a1a81bae5aea361f358b,1,malwarebazaar
947eced255f6ae5d2db806b7eb9fe8829a6abf36531c618766874f00ab5892d2,1,malwarebazaar
957ab8417606ad41ad31f006d997af3f647dd5215af899551d08b3b472a4bc85,1,otx
95a6f6e79c1842cea3603df3209fddc12aeb4fc77d1c58a852f877b1eaa9c4c9,1,otx
98dd757e1c1fa8b5605bda892aa0b82ebefa1f07,1,otx
997f7449d7b98aa08ad37c7953a51ad3f95e7532824959b7eba3953b30e76475,1,otx
9999540a29b95ff1cd7b59c446e6d697ea646a7cc95ec075e8546d5e36082329,1,malwarebazaar
9b04a93e05ccff94667f04bffa7af600,1,otx
9ba875f142e171176a023a347352f121b312bca832251b0d725285a7c0242596,1,malwarebazaar
9be08b5a0844962900e123ddcf3b33c2c084cc91,1,otx
9d51fc2674f67edb37ea029977a9ac097f84c06007f8f40e9f556098ef1f5bf0,1,malwarebazaar
9e82ee5bde6b5d29281a3c280e6d1f2e,1,otx
9f80da4e3bb62a9eeaa2dcd7fc72a0f1decfb7a10d5a637af651f8a4363ea6b3,1,malwarebazaar
a0332fe0baa316fe793e757f9cf5938b099e97dc4624ead6f3bad8555c8a419b,1,otx
a0cb0407356787b9e7bbb6b466a7f077dd1fe647e5cec0cbc85ede372a76c249,1,malwarebazaar
a1482e62ecc89696a75adea7052c2e98a75c9d37304723abd110d60962bafdb7,1,otx
a1621c554eb1057135657003fe6b6757b741c4f68ca492a00093eb6e31871ba0,1,malwarebazaar
a179c4093d05a3e1ee73f6ff07f994aa,1,otx
a28d0c82a2a37462c2975b5eda7f91e8fc3c2ed50abfe357948ec4faabbd4951,1,otx
a2b2cacd5ab0e553d9b3d359564014dc,1,otx
a3688d896f3b237d49f5e0d9584a48ef63320ef38b3c7a14a3d257c1fd8deddc,1,malwarebazaar
a3bdb419703a70157f2b7bd1dc2e4c9227dd9fe8,1,otx
a3e88f95484965f7c9a34731ffca42fcaea25e917f5a6d70ab86c941cf23b832,1,otx
a4904fb5c97b3b784b94adc86b2882ac18a87720783c48fda93db57cd7782a84,1,malwarebazaar
a490bc07bf8dd4ffcf4c5ace3936db086da90db2f5ab03cfa7064e98eb463683,1,malwarebazaar
a6637685091835826e62af279cc6c648188797f9edc05a2399a6686349102774,1,otx
a6f1f68827303e655488c8d54b3be3ce8b1097f3ff374a2e4bc82ff96812781c,1,otx
a8082abbfa3f053a9d78a7655fd071ac0bd34cbcee4f0ad7bbad4df6dda10f62,1,malwarebazaar
a8a6922004c4b8e81d27baedbedb0e5a6916f46ec0d5aa527e766691025b7ffe,1,malwarebazaar
a9f37104d2d89051f34e1486bc6ebff44d147e67,1,otx
aa51573f9abcd4a1ec4a61ee7e5811c0279e015ea22bdb787780d67ce7153a57,1,otx
aa594e90a88687010a00fa07bd055454b89e07929b21623cc5b3f0bc0108548f,1,malwarebazaar
abc5b2118bc1d8c82f3726a5e30cf22ae3fa1c572dd3327b281ea6fd97ae9c06,1,otx
ac591adea9a2305f9be6ae430996afd9b7432116f381b638014a0886a99c6287,1,otx
ac92d4c6397eb4451095949ac485ef4ec38501d7bb6f475419529ae67e297753,1,otx
acfd59afbb50331925cc3980e7c40044807e0a8bf44e0c38f9f0af9988ea060e,1,otx
adab26ceda1cfd7e69acb81318147d19948826020b52c0107d2d96b6d3d89b4e,1,malwarebazaar
adbcad85bbb372a77da00e528bf564b1d82ad61e2956d902354197d40b11fd7f,1,otx
adc1cf894cd35a7d7176ac5dab005bea55516bc9998d0c96223b6c0004723c37,1,otx
adc270036761c17e5811273aee7648c70e46d9e0e6bc127ccbfbc256c811429d,1,malwarebazaar
adf675ffc1acb357f2d9f1a94e016f52,1,otx
ae48ba4f97a345b03c1724d3725cc67b5a344e69c2ba55caa508dcd626149d39,1,malwarebazaar
af735f2b4700aa104f1288b778eeb086,1,otx
afc45cc0df7f7e481bff45c6f62a6418b6ae4c8b474ec36113e05ab7ca7e2743,1,otx
b0749eccd6b4f8c8b40ee3236b3f9abe91802209fbb1c8c9f21b86f53766eaea,1,malwarebazaar
b16e217cdca19e00c1b68bdfb28ead53b20adeabd6edcd91542f9fbf48942877,1,otx
b196cdf4419c33f447de80c424e94eb2b2128dbc29e3c4eb58b1943cd2045bde,1,malwarebazaar
b1ad44fc2e2c674edc2ac17297eeebd11c9b19e624006c7bbae6d2a7a9d1ac51,1,malwarebazaar
b1f91355a8472e364e07f05dc69bbd9c74dc1943e9c4475f46c2b448bb6d6e5d,1,otx
b22e3494d9651749233b501584eddea122cea47dc25acc5e0c7361f91bc7eb73,1,malwarebazaar
b2b7218c3f649b9077510aac309357e884c314e0f488abed391415defb249f4c,1,otx
b3892eef846c044a2b0785d54a432b3e93a968c8,1,otx
b3da70827ce7667945e4f0e8e86f7f3cd2ef3207,1,otx
b4c2778d2cde572267f03ca25a1a3362e17c0798a4fa58a0827336486ae56e89,1,malwarebazaar
b59ded7da641637ec3a95fe78b8b1c69d7a85bb9a70351e80f26b334fe452699,1,otx
b5ba10ae9b17f99915e456d236c0ea5177c0cbe4,1,otx
b5d7f8c33c625eb6cee0cfc8136a7ba1,1,otx
b5ee0be0cae6e5388c82cb1d0894fa4f,1,otx
b607ac51266ff01890fbd9a5f83f2ce5,1,otx
b6144f80b32b37393b2da565326cd5085c6842e1,1,otx
b6515c15163a47c55309b9a7c1519bdd15448217c3464203b78347eeaf1aaaec,1,malwarebazaar
b6b685fe020c481161060df9dbef0fc205cde479056c18aaeae184daa3f8a9c0,1,otx
b7703a59c39a0d2f7ef6422945aaeaaf061431af0533557246397551b8eed505,1,otx
b784301cb2edafea875f779cf24e018f06732561069f6c4c3d86548029671642,1,otx
b8ae0fb4eebcf3c1d378ff84c97909d6,1,otx
b8c846eb5cdceeb1006f8f48f36bc684,1,otx
b9820bf443c375577ceef44b9491e3a569a1b9e8,1,otx
ba14c43031411240a0836bedf8c8692b54698e05,1,otx
ba318b710978c277a1ad6f2de81d7d2402607036d0c0e777ec75bc6b6e428974,1,otx
ba557bd6b2c1d3297b2c9bd7294e47b9ad9ec6a937cddc879dd563c61a9abcbd,1,otx
bac0e0ef16c3c657967bd2155ba6d8a6ef1df6a7,1,otx
bb451151e52f0868f98e32d26ffa7c2be412b47cd470bf90d3cfe777b4a19f85,1,otx
bbe0e14bc7ece8a7a1236d5a12e30476cfcef110,1,otx
bc65ed919988c8e4b8f5a1cd371745456601700a,1,otx
bd1f381e5a3db22e88776b7873d4d2835e9a1ec620571d2b1da0c58f81c84a56,1,otx
bd39f32177dc7a20f5087c5460ebf589035d9051336c69f07a26398f76aec40e,1,otx
be7cddb3f5dc0aedcd2b4fd1607af7ddd86b6d2edac2394f30874cf5d3ea7da8,1,malwarebazaar
bed2daedb43b0e5044edbabe6d1d27e8,1,otx
befd84a29522d4350ae2f674f2ffcd8b,1,otx
bf37542e9eb7a3b2f51d107e56d7551e6248f06ce18918e3dda2ebe9da1b0e80,1,otx
bf4ea34bdf846414dee8157953eff4571a35b09fe468bdc247f8336552479721,1,malwarebazaar
bf97c4ff35b5e2c039aa1f1a9a164b7ec4d9339a631c84910b9a4d03b7927b8a,1,otx
c010f64080b0b0997b362a8e6b9c618e,1,otx
c052a56b9d91a2b51554288af977da8d1accf15ca722b2de0b69f4ed74e9abab,1,malwarebazaar
c08c9be47baddbb62f69b70932221d89f8a9984c778b762212676c470ba329cb,1,otx
c2ba0018de8dcf0abfb2669cce95ed09377e9a9da7ff8e74e95688c99a025634,1,otx
c3d4361939d3f6cf2fe798fef68d4713141c48dce7dd29d3838a5d0c66aa29c7,1,otx
c3d797e67edf0dd435808f2f79ff4bfd0cf9177307f4a112b7da09f7dfdd8f2e,1,otx
c441afb337c4803eed20ae255fbad3cdfac2800475c51e00a55369909efb4c89,1,otx
c45d8f39cad32a206d43f835c4edbfb9,1,otx
c4f1b50e3111d29774f7525039ff7086,1,otx
c4fc36d968c0c190716ecefac4f8fdea92de88fd94080108ef85a96512eb6471,1,otx
c65fec25ba99dafc58dbb0a42836950638da6b3bf535ff8b6d69187f0409ec87,1,malwarebazaar
c672b7d57d6b07ddf0d759556079d6267749fdfd,1,otx
c85c9a09cd1cb1691da0d96772391be6ddba3555,1,otx
c881f43c7fe94a6f056a84da8e9a32fe56d8dd9c,1,otx
c882d948d44a65019df54b0b2996677f,1,otx
c9e5baefd4916b4cbf73c45fa89d7458f00dee615a548d7f7a9c04bee6544ebf,1,malwarebazaar
ca48b83c93875285dd66ba33e11a5483b193d605da924b126e96cf4034c28e67,1,otx
ca5dfdcf9fc3bbe9e3e937e89870aa01f2354717561229b37b22bb41d125d9f5,1,malwarebazaar
cc0680de960f3e1b727b61a42e59f9c282bd8e41fe20146ed191c7f4bf9283a7,1,otx
cc6ad344d30178e04e49ab16cd43744925676562aded051835fb3f73401f31fa,1,otx
ccc55968cdfa8acaa98597b9b580ab81ec986c19,1,otx
cd6b672a51a2bf78d89359a49b6a068475958209,1,otx
cdedd1c07e270c58c6578ecec7acd36e,1,otx
ce1b9909cef820e5281618a7a0099a27a70643dc,1,otx
ce7d527e68218e33db10361443f54a37f7a4825c3fb89682d5c859940d6d6f91,1,otx
ceab18331f785d0bf215f551b90f00567e36d339ba8e3ed8e45c0ad410b25808,1,otx
ced47b89212f3260ebeb41682a4b95ec,1,otx
cf19189b18e1a9a2c3cbc350769779ba3752575f,1,otx
cf5c45be416d1b18dd67ffa95c6434691f1f9ba9c30754fa6fc9978c1f975750,1,otx
cf728670031730e33645077e6913193538cfd1c04ec3acf4c86b12ec99238ee0,1,malwarebazaar
cf7cad39407d8cd93135be42b6bd258f,1,otx
d02a1eb597c66b602ac7d55095f771345ff5e90905ea12e523df2095030752b6,1,otx
d08593a172263712637fd3e350db893948fafbd538a967ddb17e4197622993ba,1,malwarebazaar
d2e8d615e7c1a810993088a8c9291e0a4a7ed4c8,1,otx
d2f1ea6229a205b693508c39f654dd8e3475763c,1,otx
d40afab6ce066b04d7ad3faeefc25569318a717b47b89079bce4c2cde4ef7379,1,malwarebazaar
d422f6f5310af1e72f6113a2a592916f58e3871c58d0e46f058d4b669a3a0fd8,1,otx
d5b6a6a6e49d8b4ad03399347f8b7c4f,1,otx
d60980e6066c58706c487f77863a2008,1,otx
d6142f48664208710bab9fcab8dfcda66ad75ad756d2ce9c3aa243dcbc29bf4a,1,otx
d65c293efb5e6d033c83b2ac472bf0cb,1,otx
d665a8547baf067f2216821ecd4145eab1c75868f024d09140fb265b819d5194,1,otx
d6832ecc0d04a0621fbe1ed19311577f6a750bfb68460809bc9dfa571c222206,1,otx
d7f167cbf1676c14fd487219447e30fadf26885eb25ec4cafdeabe333bddf877,1,otx
d8081fe3a360d6957829ea2c66b966c2,1,otx
d874c3654bfb4fbf0c7c069f6e5b7ebd930415d0,1,otx
d8d2092e174240d7bac63a9e1c199b442e1cb0f39d7fa32510b1aa7717c3ae38,1,otx
d9a2c69f0ff69b927c0df86253975c1d17dd1ed2fca5bea736a9f511be983e0b,1,malwarebazaar
d9ad0330531ddf455438714192de9b3c7755d50acf939cb4de97ba6fb39fb1ae,1,otx
d9d597d1c2b5fb93c5e715aa7aaa3df4,1,otx
dacc98ae9182d9b0bab37c3c6b99fd27571e08ddb3fba1ef619aa5ae3d18ead8,1,malwarebazaar
db8bcb8693ddf715552f85b8e2628f060070f920,1,otx
dbe57921e3bb8bcfa49523cf812994f47c3e67c05b3e4a884f139bf63d77dc50,1,malwarebazaar
dc2983fbc868097c78f5bccea43eb5ac4b81aaf6,1,otx
dc38f3f3c8d495da8c3b0aca8997498e9e4d19738e1e2a425af635d37d0e06b8,1,otx
dcd3f06093bf34d81837d837c5a5935beb859ba6258e5a80c3a5f95638a13d4d,1,otx
deef632b35470738485067d3c757d1fdb7e45393b59010ce170e69c23b3a092d,1,otx
df6cb5199c272c491b3a7ac44df6c4c279d23f7c09daed758c831b26732a4851,1,otx
dfef4a07800ad08e09390291647e4cf50c77d1a83e076c181103f25a77dd5697,1,otx
e0b62f7ebbcb2beb802082ef1409d27b3e2e0b77,1,otx
e0e427d6dd2f8fa088a1d8a400a64620,1,otx
e24de02415946133176b66017d54a5dcd7270c83f5ef01d79faff4e64d13c63b,1,otx
e340d345dfd492393971c8602fd4863583247fa46cd834fe5e87258d18fc2eac,1,otx
e41a92c8ffb8bdb0ec17c106482a311e03bb0dd4,1,otx
e4598c17b948526ccc3f586857363a75c95e695a5125d5b4fed088b27a58100e,1,otx
e4c42c652679d6a1547f1cd275e4026d326c81bf6acd776450319f3d4bd8b955,1,malwarebazaar
e5502722c2bb84876903549445534c47cdaa586a0bb1e5b3a53162d75cc6cb28,1,otx
e5adeecfb03cc7d26de2f11746d3aef6b1fd4830,1,otx
e634763e133b18656cf5cfeea7b11008,1,otx
e66ae0ac443b5140a1b35b5aaa6899eea296d9d633988eb044a395a34a887431,1,otx
e675bc054481bdca6f8cd1d561869e18712dc05a42e5c24b9add7679efc7faf6,1,otx
e6a6e282a94c7724f5d9ac54d60d8cbd0e3ce892,1,otx
e6ca0b105f1aa41344acc5eeab7c9b2dde6e90f05196a77011ceaf53ff83da8b,1,malwarebazaar
e76f54b7b98ba3a08f39392e6886a9cb,1,otx
e76f54b7b98ba3a08f39392e6886a9cb3e97d57b8a076e6b948968d0be392ed8,1,otx
e92e01977d85f6834f57bd09e29e654b10da798844e4a64470cb22dac78bef93,1,otx
e9473d711a204a2febebcba79f9b7f0bfdde6871,1,otx
e9723a2a9ca45787c35b864605a6be71ccf12b2d96dad8e7fc39117f7ba29abb,1,otx
e9b529e13872429c9354a3944fcb10a9,1,otx
ea1a2d01e622dfaae4fee2b353bab7912c2fb2235aa05bea0863f2f4cb829b33,1,malwarebazaar
ea4f7a875c6ea8be92ff157e9a432ab6d282d697093410059ad4ce351b560234,1,malwarebazaar
ea8c8f834523886b07d87e85e24f124391d69a738814a0f7c31132b6b712ed65,1,otx
eaf603fa94d2c2570f6ccb3769f40fc86426c847759f6e32175cce9e00834b16,1,malwarebazaar
ecc49e07ab6e6b4b57f6a7e952ace8c217f22a1746ed390d06348915e2372d63,1,malwarebazaar
ee75b57b9300aab96530503bfae8a2f2,1,otx
eef8a950952696b018aa9c6da2f5d7ad,1,otx
ef65277d354df52a068d680dd00651db6fc21f8b828876e43d4668da9923d14a,1,malwarebazaar
efd5366eb7473d6f7fb97ec7ac59f09d,1,otx
f059016354e9f48b0db9eac4751d4746e4134492,1,otx
f0ac3999d4020cd051052a0627a2056d,1,otx
f28bb7bc5c801d5444ba6816e3a91d5bfaf0307578b7a1529415fc220fd9e9e8,1,otx
f329ae0fdf1e198bea6ba787e59cb73f90714002,1,otx
f3ed006da0b5f8402f70647fc7dc8dc28f3f06f5b4f00913761c96e6b5377be4,1,malwarebazaar
f42c249be9b3e68e76ac660b8a189663e30ccd311a763c9078f2f8682b33f05c,1,otx
f4532fc1e5d53a732fcc883f7125ceb06b985048,1,otx
f45a28e7a6d64bfb4e74d6ffed115e79afb005d5c33dfcd1045b068c03b0e480,1,otx
f4bc68581c02d6f390a8a56ff1c5d04e002afb39,1,otx
f53d8040d84edd75ebe9e232e6d4b020e9368b9477434d91889ed1ec48fa558e,1,malwarebazaar
f6cac4e119a4bff825d0408045447ba9,1,otx
f783fde5cf7930e4b3054393efadd3675b505cbef8e9d7ae58aa35b435adeea4,1,otx
f8002a0a621bf26d562c8cca86acb490084648379a8f9340f3329eeaa9124685,1,otx
f86b6aa11a276c24dd80db48f43c8a2f0c8df6e5426a7a0fee322c0427421ebb,1,otx
fa2a590dfdbc9170be58764f8da6a27a81d551b00a21061a9dc03bfab78f9e63,1,otx
fa9ed218a8056b6142de273cb36bfd840e7d894c90cec8981603b233bb877d36,1,otx
fad8d0307db5328c8b9f283a2cc6f7e4f4333001623fef5bd5c32a1c094bf890,1,otx
fb72a0b35e0b37145d5aad0b55341d0da7e21800c13fac68b9b1a8587e4a498a,1,malwarebazaar
fcdbd61ecd787b4911d79ef7bdbcbfc78fc94c41c68c05dc318da317e925718c,1,malwarebazaar
fce17b987f321dce852c8a52116e7eb6,1,otx
fd16fecedab57b025ab53ad9ca4c882f,1,otx
ff7f9b2e1e3ea393dfa25d6b5c337acc8c7381fb617b468d134a80e301a4b1d4,1,malwarebazaar
fff302d8d344d74d01904aff9b7ec75a,1,otx
