ioc,score,virustotal,abuseipdb,otx,shodan,threatfox,urlhaus,malwarebazaar,first_seen_run
0099bf67cfa72030c1c317240441f3b8,1,0,0,1,0,0,0,0,2026-10-02 11:59:12 UTC
0173d1566dcd4fd49fa25f11f14bfe4c,1,0,0,1,0,0,0,0,2026-10-02 11:59:12 UTC
01b5c6acb20e41799a0e96d9d1d6e1c44791883706b6285e874fcb15cc93b31a,1,0,0,1,0,0,0,0,2026-10-02 11:59:12 UTC
01e099f0947d0ef7bcb967063d761fa6,1,0,0,1,0,0,0,0,2026-10-02 11:59:12 UTC
02b3058057d9bd512199f9a350f02952bb5104950f3c5eb72d4c439fc6403665,1,0,0,0,0,0,0,1,2026-10-02 11:59:12 UTC
02f2ce03a2650f17bfe6e8744eebbf58522016cbdb92af8f2217b5dd4a1ad550,1,0,0,1,0,0,0,0,2026-10-02 11:59:12 UTC
02f87ffe09edad431746660b310956c5,1,0,0,1,0,0,0,0,2026-10-02 11:59:12 UTC
0345370e70311cfab06adb18c67785c3f8377f35a66b54d0619d620434165373,1,0,0,0,0,0,0,1,2026-10-02 11:59:12 UTC
03be987cd4c4e1e788f803ca6e464a29,1,0,0,1,0,0,0,0,2026-10-02 11:59:12 UTC
03e934c4dd23a0f630dec0f3c89ac864f94629f0a4c74c1e69ff71c49588a219,1,0,0,0,0,0,0,1,2026-10-02 11:59:12 UTC
03f4e47b9c2283c32bb8f8f042ce6e41,1,0,0,1,0,0,0,0,2026-10-02 11:59:12 UTC
04121f81feba7762419689606f3af143e42ac86ea04b246168ac0420bfc5f797,1,0,0,0,0,0,0,1,2026-10-02 11:59:12 UTC
0457414c4504b70115798eee9c8384a8bf9e793461ffb2e0661a6dcc6ed4809f,1,0,0,1,0,0,0,0,2026-10-02 11:59:12 UTC
04a4bab8f2c4fd031a26a6b76015f1652621b8321177353ae970ba67b973d2f3,1,0,0,0,0,0,0,1,2026-10-02 11:59:12 UTC
06ad69b9bebad3cc75b594cc5bb1ca0035ea22bb8a683002ca051d948566426b,1,0,0,1,0,0,0,0,2026-10-02 11:59:12 UTC
06b3b6fbf106d46534459d2189aac739,1,0,0,1,0,0,0,0,2026-10-02 11:59:12 UTC
07283c6791efd28cba1a3b67d3741488099fdd08e0afd6a1f185cf6157a18b02,1,0,0,0,0,0,0,1,2026-10-02 11:59:12 UTC
077bd873217d8abfbb6482d11966ca34f3fef7ad5166f24fbc5dc3ddefe894a1,1,0,0,1,0,0,0,0,2026-10-02 11:59:12 UTC
079acd58a74479ac8b108b618d2a4da8a8bd560a04459cd90e2fec9da5027513,1,0,0,1,0,0,0,0,2026-10-02 11:59:12 UTC
07ddbbe2c71c45577a7a4fbcdba0df91,1,0,0,1,0,0,0,0,2026-10-02 11:59:12 UTC
08d96f4f4e6bd0e23f5374936d2afe823cb5f3d7e6a1b064308038becfdcf25d,1,0,0,1,0,0,0,0,2026-10-02 11:59:12 UTC
09ef7c736bccfafefc44d9910d499173b88063b73b221fc0dc9e9105107e5cff,1,0,0,1,0,0,0,0,2026-10-02 11:59:12 UTC
0a6fb71ab1362d065c7ec2678c1e73d9a0721b0e7099d392ba7559bb2eec4970,1,0,0,1,0,0,0,0,2026-10-02 11:59:12 UTC
0b237141ae46a1fc4bca3139fc3eb5ce84f912c081305de68ad71da5efcd0561,1,0,0,0,0,0,0,1,2026-10-02 11:59:12 UTC
0b4e5e017c0f0ccac79e13ca5d580a75af67a24ca0763f9ebfdaaeb1ba4fc739,1,0,0,1,0,0,0,0,2026-10-02 11:59:12 UTC
0c39264337a1186b2e765e24073399cbdcba118306614eb411e315887af578bd,1,0,0,1,0,0,0,0,2026-10-02 11:59:12 UTC
0d1fce0cb2b9dec26a10f0822aeffb19,1,0,0,1,0,0,0,0,2026-10-02 11:59:12 UTC
0d8ea89a63070f68286249aa437aece0e040c1609b8c5c0950ebbc90e6f70f02,1,0,0,1,0,0,0,0,2026-10-02 11:59:12 UTC
0d8f7bf30aa1ac95d59fed24c433dd2b3d57767f38c088721699c841c6e861d3,1,0,0,1,0,0,0,0,2026-10-02 11:59:12 UTC
0d93c3a8ded46887f79ac4ca7f238c458de2231243176f6c05062e34f238d19a,1,0,0,1,0,0,0,0,2026-10-02 11:59:12 UTC
0fa1d38b9dd7e089db3b47407cb684475e184cd6e0683ec252fe3218f169599c,1,0,0,1,0,0,0,0,2026-10-02 11:59:12 UTC
108ef7e628d7a20bd6241a5b57149e27a6061f467123eb64061975559f8f73dc,1,0,0,1,0,0,0,0,2026-10-02 11:59:12 UTC
1111cd70479c389bbb3aa3836089ebce1e944414957e3b51605d6a987190bb41,1,0,0,0,0,0,0,1,2026-10-02 11:59:12 UTC
116ca4e88a1bcebb6c0da7fb431c8eca7b8ef3f9767194820c56091972ccac2c,1,0,0,1,0,0,0,0,2026-10-02 11:59:12 UTC
11deb13e28a8e3a9cc19a6b2a42dad0636fc5e6a115f3f3bbe2910b06ce30c5d,1,0,0,0,0,0,0,1,2026-10-02 11:59:12 UTC
12463a81a786b04fe4b3b7d1aa1222e589e5921d,1,0,0,1,0,0,0,0,2026-10-02 11:59:12 UTC
131ac3e0df777910e0a32e43d5744bccb0490750d4c2adc359da41d76d383c46,1,0,0,1,0,0,0,0,2026-10-02 11:59:12 UTC
133a46ba41136ca21c93fb08c28446826d8c0d9b7923a16f2d152d595a710098,1,0,0,1,0,0,0,0,2026-10-02 11:59:12 UTC
13425b473576aa1e58eee248e7c6a2e216889c58,1,0,0,1,0,0,0,0,2026-10-02 11:59:12 UTC
13b2809d42c3ce491008b2dca40ff86551be7897,1,0,0,1,0,0,0,0,2026-10-02 11:59:12 UTC
148649970ff9237136b4456bf729afe4c8986a6e705f99752d2a8081dc05c27b,1,0,0,0,0,0,0,1,2026-10-02 11:59:12 UTC
14adbc5ababc074a0a890804138c8ac4c9be11a70a38456bc11ab625c2194622,1,0,0,0,0,0,0,1,2026-10-02 11:59:12 UTC
14e3376befd4b7b52de0757b6264da294ac6b0f9e4ff51cb9bc5b19b243fe335,1,0,0,1,0,0,0,0,2026-10-02 11:59:12 UTC
155fb1cbdaea12c83ba92d18c88cf38bbc42bb684f913ca0bc26fcf115426a55,1,0,0,1,0,0,0,0,2026-10-02 11:59:12 UTC
170b0eee60a335f32c1d0c19a0bb8d8bbc0a5b298ea9486b546f58d25cc8a464,1,0,0,1,0,0,0,0,2026-10-02 11:59:12 UTC
178f890f62db90738b11300dd272537240b1c8a599d2ebeccdea01654811fed0,1,0,0,1,0,0,0,0,2026-10-02 11:59:12 UTC
1798612c9445ea7c411f269d984e2aaed4bfcaf0,1,0,0,1,0,0,0,0,2026-10-02 11:59:12 UTC
17b53ffa8e005f0e82491d3f9c0a4984c44da52e1668a855c11a137f627c5b4b,1,0,0,1,0,0,0,0,2026-10-02 11:59:12 UTC
19035c8e2520fb70b3e2ec5338c14311b88a26cc1fb8304a01494260b6b55af1,1,0,0,1,0,0,0,0,2026-10-02 11:59:12 UTC
1a534d04bf30894d20764e91f7e94e0a73f060f0abacc9feeedba427995c83a8,1,0,0,1,0,0,0,0,2026-10-02 11:59:12 UTC
1bd3662d784840e410d2d3c0a1040277f7f549089447359f01e05c2559cb1f17,1,0,0,1,0,0,0,0,2026-10-02 11:59:12 UTC
1d79ab0c2d0183fcfa2772b008c4f146ec0c83000865a1bb2be2c8209d0abb88,1,0,0,0,0,0,0,1,2026-10-02 11:59:12 UTC
1dfa0aa6156e456259d0dc960b76f7c20549da845a6b3452d9cd93a53684065b,1,0,0,0,0,0,0,1,2026-10-02 11:59:12 UTC
1e22fde68d3277ed0fe7a8a7b554f0ae118260a2fa143f8e1bdc84c994ebbe90,1,0,0,1,0,0,0,0,2026-10-02 11:59:12 UTC
1edb2c0b537cd95bbd5fc16321b4c38a6adf325ccc7b588ad6acc980b0463b60,1,0,0,1,0,0,0,0,2026-10-02 11:59:12 UTC
1f2096ff906915fbf80778f0636446206197351f7e271af97936eeb6f32c179d,1,0,0,1,0,0,0,0,2026-10-02 11:59:12 UTC
1fadc90b61ce536abda78eb387a7f3d745f00c16775d3f762845ccc0fde567da,1,0,0,1,0,0,0,0,2026-10-02 11:59:12 UTC
2052a339947490fb10296e6e1f9857a83705a3716a528ed22c65e098b1a593e1,1,0,0,1,0,0,0,0,2026-10-02 11:59:12 UTC
206f27ae820783b7755bca89f83a0fe096dbb510018dd65b63fc80bd20c03261,1,0,0,1,0,0,0,0,2026-10-02 11:59:12 UTC
20c7befc174a61117770535e809046c75e93c71284bf1a9c6cd532f55b315f53,1,0,0,1,0,0,0,0,2026-10-02 11:59:12 UTC
220940a9debf6cd95f9eccb6fa28d457a6c2c9387d8e9d0b080e19a1a43aa754,1,0,0,0,0,0,0,1,2026-10-02 11:59:12 UTC
22869e3326fe1de011cd500e666769027126c5c440b76837baf55139f30094e4,1,0,0,1,0,0,0,0,2026-10-02 11:59:12 UTC
22c75b2ee026dbbf7001cfdc2bb47855,1,0,0,1,0,0,0,0,2026-10-02 11:59:12 UTC
23d5f1af8581ae200615d9a66d539f2043c3248b649e862557b379d7e8b7a3ac,1,0,0,1,0,0,0,0,2026-10-02 11:59:12 UTC
24ab9fe5d5be62d3bf055a0ca4508e8bca2996b6d78649dce8145d8a27bc1c5b,1,0,0,1,0,0,0,0,2026-10-02 11:59:12 UTC
24b6e36a09eb2acfc2a95478ca685acb7593b1689be6a4a639fe0d222393cfa7,1,0,0,1,0,0,0,0,2026-10-02 11:59:12 UTC
278762dfc0f743216a475919bdc9ecc59735bcc247bba5b7b468fc475407ec6a,1,0,0,1,0,0,0,0,2026-10-02 11:59:12 UTC
278e2f3e2f26c18666b89ef774b4af9ce954e36b2bf54a2392608619245d8c48,1,0,0,1,0,0,0,0,2026-10-02 11:59:12 UTC
27ae3159b8da864cab010d28145efdea472dde225a3454993b9dc0e85bd5dbb0,1,0,0,0,0,0,0,1,2026-10-02 11:59:12 UTC
27b7591cf9e1283010ca98fa5dbe970a73fee0d8cde277639924c144718db7c0,1,0,0,1,0,0,0,0,2026-10-02 11:59:12 UTC
28834a0b5162d580f3e82b056e00ceb15d59321c358804ceea4a62b00e55fcc2,1,0,0,0,0,0,0,1,2026-10-02 11:59:12 UTC
28f754f64aeb80ba9e81f81c7b54bdd9,1,0,0,1,0,0,0,0,2026-10-02 11:59:12 UTC
29ecbcd44d9e1121c2ba2edad26c214036ab83eeb41f7758e4252ae8f92e3393,1,0,0,1,0,0,0,0,2026-10-02 11:59:12 UTC
2a5a967d232d97ff3a4983eefeac69347eaf88d19efdd1e783b2d0268226e894,1,0,0,1,0,0,0,0,2026-10-02 11:59:12 UTC
2a5c14e79a8677ff7d0d0b039ebb3d12be8976d97a5d5f43dc31a443e509b2c8,1,0,0,0,0,0,0,1,2026-10-02 11:59:12 UTC
2ebeb17cdbeab7547c8dfebade198739e0f1c5dbf9de2977ce318bfcf132d318,1,0,0,1,0,0,0,0,2026-10-02 11:59:12 UTC
2f1513c822af0c6635dd3c69dc38f0b2f6e02012ea36415fff111a5d4d5fae05,1,0,0,1,0,0,0,0,2026-10-02 11:59:12 UTC
312cf3b93b80caeffa7c5b9b77ec505dfccb88adaffa516dc19dd5c9a140da14,1,0,0,0,0,0,0,1,2026-10-02 11:59:12 UTC
3181508a22cff05c76b202edf8ff58141cd6e9e551233d16b86bbfdf3d4ed48e,1,0,0,0,0,0,0,1,2026-10-02 11:59:12 UTC
32bd9d38455f4f7a939fce66e53dcada8a488e42e28755f4cdf96125b80b9f8c,1,0,0,0,0,0,0,1,2026-10-02 11:59:12 UTC
334f39279ff3aae40fe74340c887ae018c75bc42790586bdf9070adb5889100c,1,0,0,1,0,0,0,0,2026-10-02 11:59:12 UTC
3477d7c15ed67ba56295a2a64e525ce3ced65be292b873d154ad2e88de340ae6,1,0,0,1,0,0,0,0,2026-10-02 11:59:12 UTC
35a28614707a93129f795deea70773caa1e633b0ada7ed7515d10247a5603fd3,1,0,0,0,0,0,0,1,2026-10-02 11:59:12 UTC
360b7836ce6a6babb4ca557c26ff793f0301ee48286236ada17a1ccbfc2177c5,1,0,0,0,0,0,0,1,2026-10-02 11:59:12 UTC
374c4934b14a1151ea68847c8627c3f1c0b878f4e673bda3f15e4388dfde0187,1,0,0,1,0,0,0,0,2026-10-02 11:59:12 UTC
37f94fe1b4a106f02b6f74a69cbc05e69c17406f688beef4c9a045ffcbd2e65e,1,0,0,1,0,0,0,0,2026-10-02 11:59:12 UTC
3a4c9020eeb5ef22a1ff443e606ccb6705fe287c583121c713d2c9f9f1f2a2af,1,0,0,1,0,0,0,0,2026-10-02 11:59:12 UTC
3a94910eb8022592ce030e6861359f7e980fc1b5a6ccd290cbb071d3e95ed02a,1,0,0,1,0,0,0,0,2026-10-02 11:59:12 UTC
3cd1484cc5bf10e22d79784beba58a75d7b126c46efb5e1a85d6aab884447621,1,0,0,1,0,0,0,0,2026-10-02 11:59:12 UTC
3d5474b8c852791b8342c32db431d34a7564c6ceafd7262f91b0fd65f31ddd3b,1,0,0,1,0,0,0,0,2026-10-02 11:59:12 UTC
3d9749403fa06f24ca82efc3f9250da240c57d99163aa0121a4cb565d606b9a8,1,0,0,0,0,0,0,1,2026-10-02 11:59:12 UTC
3ea15dafb800d3181d230e227623055a863c03ec8045ab96565a95f9ac057156,1,0,0,0,0,0,0,1,2026-10-02 11:59:12 UTC
3f0051891ad90fc5b56a2b6934ef3092f06d8465,1,0,0,1,0,0,0,0,2026-10-02 11:59:12 UTC
3ff5e49fd2f2bd0758467763c44d69e781b7460af84a6e3966e2621bc5bf7096,1,0,0,1,0,0,0,0,2026-10-02 11:59:12 UTC
4000276a150a165d3c2537d1e19fb393c4de8333076a16655e28059cae82157b,1,0,0,1,0,0,0,0,2026-10-02 11:59:12 UTC
40e7e77aff603f4c2ef17b3bc8ea836e714d0734a1e5b946e52f95536ec5c91d,1,0,0,1,0,0,0,0,2026-10-02 11:59:12 UTC
40f8e774e1e7a484b78c7ae4336bc47aa9cab20dc8e1e67d89838e807975f9b1,1,0,0,1,0,0,0,0,2026-10-02 11:59:12 UTC
411cdaa8949f4f77502d5ffb28c5ecd854b27b10ac73c2e1009a0a81b08a33c9,1,0,0,0,0,0,0,1,2026-10-02 11:59:12 UTC
417e278a52153cf97e06a86b09636914402be898,1,0,0,1,0,0,0,0,2026-10-02 11:59:12 UTC
4188c6588f3dcda881c3f2d12df580051179a999f040b799af506edeb3211a26,1,0,0,1,0,0,0,0,2026-10-02 11:59:12 UTC
42214acf020e9d2b394da8f5b3ece7c25b09d240efa4bbb17a7259495b50c102,1,0,0,1,0,0,0,0,2026-10-02 11:59:12 UTC
448bb7bd702777e61ee298cc5b366813dccb872748afdf7f8d462ccd80030f85,1,0,0,0,0,0,0,1,2026-10-02 11:59:12 UTC
456693dd3c2ca1931306cce09a8c712aa6de9e76,1,0,0,1,0,0,0,0,2026-10-02 11:59:12 UTC
47d8a0b88390349bec539db0e4323bea1e56f9afcbf5a847a0cc82e63ce55ec9,1,0,0,0,0,0,0,1,2026-10-02 11:59:12 UTC
47f98dfe01759a464e22d5ec55d012dccb38ce010dd73e3ba8d7ffefca12b4b2,1,0,0,1,0,0,0,0,2026-10-02 11:59:12 UTC
484129123e8509acdc733d44e9a53c1cafa5afc1e2a28d49a55d0e209806d898,1,0,0,1,0,0,0,0,2026-10-02 11:59:12 UTC
484ab497072ea09f12187b349f5b1c80754e4942408a009cccb20a2a3c8c6506,1,0,0,1,0,0,0,0,2026-10-02 11:59:12 UTC
496e9cba913e2bf5a44e973588ed07fa7be643c25b9d648f8ad11cf313389fd5,1,0,0,0,0,0,0,1,2026-10-02 11:59:12 UTC
499d07894f730fb685ee3cbfc1a933e0da93750c1ed25a49b2eb9c32adef156a,1,0,0,1,0,0,0,0,2026-10-02 11:59:12 UTC
49a7156a7d043cc8f9f680579db22f86,1,0,0,1,0,0,0,0,2026-10-02 11:59:12 UTC
4b02959636f06c0aa79b63d9c6e43bb191e56e63,1,0,0,1,0,0,0,0,2026-10-02 11:59:12 UTC
4b214e0daccfe228a0d281775d6a7f01580598f51a6b15e6a668851b313abe68,1,0,0,0,0,0,0,1,2026-10-02 11:59:12 UTC
4b614e5c37abaddca162119e42a969945caa681305e246e0ed0060ea9984008b,1,0,0,1,0,0,0,0,2026-10-02 11:59:12 UTC
4c98709e96d83d9e575cb55e4926b720848cf8ec0f73e15613eaa9fe79525c8e,1,0,0,0,0,0,0,1,2026-10-02 11:59:12 UTC
4d0fdce4c098635fe9b296c3a82c74645f9885eb5e383aa44a0fe7e50da3ca3f,1,0,0,1,0,0,0,0,2026-10-02 11:59:12 UTC
4d72712a6db668ed1e7df4953f1dbd128df2f611d101acc7e3ab0e6789f8e02d,1,0,0,0,0,0,0,1,2026-10-02 11:59:12 UTC
4e351a3b911e9e80fbb8dbebe88128a4930ce1037d390e9bee88611499d85666,1,0,0,0,0,0,0,1,2026-10-02 11:59:12 UTC
4e603e271e2cd2700f13956a53da9f276aa395a900511e903b1f73dd0eb51e21,1,0,0,0,0,0,0,1,2026-10-02 11:59:12 UTC
4e816325a4d8ca11aea96fa9f0118200acee2cfb8b4e94e1f06b8d336c1dac3d,1,0,0,1,0,0,0,0,2026-10-02 11:59:12 UTC
4fa2e2914963ed78db1ab3bbb3870de5c50027eb7d035e74ce86fccd2fca339b,1,0,0,0,0,0,0,1,2026-10-02 11:59:12 UTC
4fb7aa777411cb6f211f9fc8900099dbbd110dd4,1,0,0,1,0,0,0,0,2026-10-02 11:59:12 UTC
5055c7b0ae1f6f77b16eb744a76cc453,1,0,0,1,0,0,0,0,2026-10-02 11:59:12 UTC
5056c305bdb4bd4dee82892d7b96230e32e61dc3b3ebd045d46fd0c73c0d75a2,1,0,0,1,0,0,0,0,2026-10-02 11:59:12 UTC
5116397188cfcc1adb4ccc7738ad27697719c8eb,1,0,0,1,0,0,0,0,2026-10-02 11:59:12 UTC
5168a2696a0ed858f996f388bfe94f952d475158f4ee6206816608936db005ca,1,0,0,1,0,0,0,0,2026-10-02 11:59:12 UTC
5241738a3e9988404239e12243f6d35b,1,0,0,1,0,0,0,0,2026-10-02 11:59:12 UTC
5251b98614acffe5c856f4039ca03da3,1,0,0,1,0,0,0,0,2026-10-02 11:59:12 UTC
529543b4fe6a4c21d28be56dbf92fcac91d8df808d8518b4275c973fa547ad63,1,0,0,1,0,0,0,0,2026-10-02 11:59:12 UTC
54336745b9944cbefc4241baff66f24d80ed0247,1,0,0,1,0,0,0,0,2026-10-02 11:59:12 UTC
54c94f85ba6e950903d5ff42c0971c5a9d0741596be26e06afe7d60ec38edf31,1,0,0,1,0,0,0,0,2026-10-02 11:59:12 UTC
5510d33df957558bdde9a940d57a243f,1,0,0,1,0,0,0,0,2026-10-02 11:59:12 UTC
5555e904101689351a2a1359c9c06da0a57139a9470df7d26823c1b75db55041,1,0,0,1,0,0,0,0,2026-10-02 11:59:12 UTC
566a760102b83a6b2adffded839d6bf1d02164295617fbe097f2071ae84f65de,1,0,0,0,0,0,0,1,2026-10-02 11:59:12 UTC
57436513f2eb13cb0565b9a2851c7013c3ee27a8153e57612259a7a273fc3335,1,0,0,1,0,0,0,0,2026-10-02 11:59:12 UTC
57f9f30c50240fd48d761de7961a430cdebf2c084a36bc76d376a1ce8e6dfa9d,1,0,0,0,0,0,0,1,2026-10-02 11:59:12 UTC
581e2e2265d0c1509b3799c5a9039374,1,0,0,1,0,0,0,0,2026-10-02 11:59:12 UTC
58c753e3a755b079f284207f99cc27ce4a5a382d82eabebedd006d41c1538738,1,0,0,0,0,0,0,1,2026-10-02 11:59:12 UTC
5a02f7f8498d2fc90fa19cf9f0d93fdad0ef7fb78b04fbf712039e22c06dba29,1,0,0,1,0,0,0,0,2026-10-02 11:59:12 UTC
5a35fcd4458e808ab0fa52bb2a92923b60566ee4d7aaadaac7c95cad3d839562,1,0,0,1,0,0,0,0,2026-10-02 11:59:12 UTC
5a73b0105f0c7ebf25d5d8519b7e203bfa55758058129b7a2770fac2c0663e3f,1,0,0,0,0,0,0,1,2026-10-02 11:59:12 UTC
5b288132f126e009d486f2125b1b7cdb126ae2fa55a96bcebaf9dcc20f0acd1e,1,0,0,0,0,0,0,1,2026-10-02 11:59:12 UTC
5b62403cc9a668c6e5c70ace177fd54fcc4c5936,1,0,0,1,0,0,0,0,2026-10-02 11:59:12 UTC
5bf8cf29ac6803e7269b045dea48003af7cfe48bedfc081b57ff9e86cb08971b,1,0,0,1,0,0,0,0,2026-10-02 11:59:12 UTC
5c5c060b272cd4a5c3767edc0e9478bd35b7e1756e183d0446a5491bd65519cb,1,0,0,1,0,0,0,0,2026-10-02 11:59:12 UTC
5c6d2bdb58ca319c1c59fa0379fbc542b3fa2378f2ecbc9b334642e4a740819f,1,0,0,0,0,0,0,1,2026-10-02 11:59:12 UTC
5e70c3a80154756f47762a6f2afae31fc7d3a4a03e59b26edaee094d857fd95a,1,0,0,0,0,0,0,1,2026-10-02 11:59:12 UTC
5ea5ea61e9062822bee3f66ef5ff47c217178d9e31936ad6daf10c5dfae44d12,1,0,0,0,0,0,0,1,2026-10-02 11:59:12 UTC
5ec36b2d19ce3ac66f9f664d3b9b9ca21b38ecdf683cc21d76e7b1fa4e58e0ed,1,0,0,0,0,0,0,1,2026-10-02 11:59:12 UTC
5f69ff7a2e024f94cc5f816fa16c90054b09d9ac430b1f8b0631dfdd4472905e,1,0,0,1,0,0,0,0,2026-10-02 11:59:12 UTC
60b6771958cb7e553994ba6752f108575ba70e02d24affb51d8936a17eb0bf5e,1,0,0,1,0,0,0,0,2026-10-02 11:59:12 UTC
61a8f5add6c35f99c389012dbb2343061fd0b54611b40490b9a7f0b49d707da0,1,0,0,1,0,0,0,0,2026-10-02 11:59:12 UTC
61af1c4bce1c2eebc8ff689ca5337791,1,0,0,1,0,0,0,0,2026-10-02 11:59:12 UTC
623bc9114d118592170599585e5cf60e,1,0,0,1,0,0,0,0,2026-10-02 11:59:12 UTC
63321795229d952d502cd3f112d4ddee470d1fe09e112935a57f4fa4f041f8d6,1,0,0,0,0,0,0,1,2026-10-02 11:59:12 UTC
64c90a00c7fda4d5c7973ed64c25783a,1,0,0,1,0,0,0,0,2026-10-02 11:59:12 UTC
64e1f3587c064df573b9abf0820c6dbb,1,0,0,1,0,0,0,0,2026-10-02 11:59:12 UTC
64ecb45d56f1126d982609f4c9679e3a7db4fea47b90726e28aed6c1555e9331,1,0,0,0,0,0,0,1,2026-10-02 11:59:12 UTC
65f4b9292e91abfa5adf42a03526932930c1c0a436bb186a7948fe6770295788,1,0,0,1,0,0,0,0,2026-10-02 11:59:12 UTC
666f328c34980f0b43c0181c078a909bbdfe7e8cc1efa6c2acf2b1c0778e661d,1,0,0,0,0,0,0,1,2026-10-02 11:59:12 UTC
66b40330108e5f3fedc5b313584600f1,1,0,0,1,0,0,0,0,2026-10-02 11:59:12 UTC
6748710d3918fcbef66c8eea944256c5,1,0,0,1,0,0,0,0,2026-10-02 11:59:12 UTC
6761aad48a3f987238994d92bca97e4b8550e0150607bd67b47b1b6366a371fc,1,0,0,1,0,0,0,0,2026-10-02 11:59:12 UTC
676a2a7b94ca2f8ec76352ee656e4d075bb342bd7ad6efbc7c19c060001eace7,1,0,0,1,0,0,0,0,2026-10-02 11:59:12 UTC
67c979dc13961b09f24f85a801e4c918420adca6117c92efbeeeaa68a6344f55,1,0,0,1,0,0,0,0,2026-10-02 11:59:12 UTC
699e92a9e0edf7835879d5697bc67138c0b137117f459caf1a44df357407cad9,1,0,0,1,0,0,0,0,2026-10-02 11:59:12 UTC
6a1dbbfcfe6867ac83d35012b2717084388b4a34707efd0b725466dfd0e8fa56,1,0,0,1,0,0,0,0,2026-10-02 11:59:12 UTC
6a36994ea46e789cef5aed702b48e91762dff32c2e5d880db45801d61463a4ce,1,0,0,1,0,0,0,0,2026-10-02 11:59:12 UTC
6a89de024ca62536de6f5fc10e49896bb1ac330ca39dce30203afdcc45ae237e,1,0,0,1,0,0,0,0,2026-10-02 11:59:12 UTC
6ab595ad6554819181b686d4876efb80,1,0,0,1,0,0,0,0,2026-10-02 11:59:12 UTC
6ab6ba039440819185ed491740b11cf8,1,0,0,1,0,0,0,0,2026-10-02 11:59:12 UTC
6aef80514237808dfe25621a8912422d20a8414bc2054008a119e541166821b5,1,0,0,1,0,0,0,0,2026-10-02 11:59:12 UTC
6bddf59e2a5065255cfc90d2e2e66e3bfd4a7cbf4e0b6341b4da93b574cc4f53,1,0,0,1,0,0,0,0,2026-10-02 11:59:12 UTC
6cc665057c4a4fe42a309afd3a7fa96cf1af126e9c6e08e56df5105e05378bcc,1,0,0,1,0,0,0,0,2026-10-02 11:59:12 UTC
6d07f1232dc59b84038fd0b2e75fdd3d5b825882bb0dba9e6724b7b0823fa3ad,1,0,0,1,0,0,0,0,2026-10-02 11:59:12 UTC
6d132a550a7744feeccd21615f1c1abb7d14daa32f900102321df58165d2e110,1,0,0,1,0,0,0,0,2026-10-02 11:59:12 UTC
6d6ba2bc9ad414837826f7278bc3e0116f1aeda02d0c2284ed65819f5d9180a8,1,0,0,1,0,0,0,0,2026-10-02 11:59:12 UTC
6ef1c0db3998edce49c24f4251cc49bd96d7267d7dd57364f050a5823745058b,1,0,0,0,0,0,0,1,2026-10-02 11:59:12 UTC
6ff8465c3c43dd403b89a8469ebc207b2c414e79ca9dbacb93402be3c509d0d2,1,0,0,0,0,0,0,1,2026-10-02 11:59:12 UTC
703e97c64e61e41dc3aaba580d82bb2aa7b6a11b54ee6fb467ed5d5a3bffdef5,1,0,0,1,0,0,0,0,2026-10-02 11:59:12 UTC
736a108843d2ea8de516e00b7539ec557c2eb45a,1,0,0,1,0,0,0,0,2026-10-02 11:59:12 UTC
73b74309f4728d169cc9edfb2767c5aadd75d39b62de93c935a86c777d2646bc,1,0,0,0,0,0,0,1,2026-10-02 11:59:12 UTC
73c5268256c9da5488cd9e2b79013060ac321c7e54129344dc7b51e268af36ea,1,0,0,1,0,0,0,0,2026-10-02 11:59:12 UTC
747b1d13bdf06956b5da5f47250fefd5284ebcf7961971732c3d348aa1a2d533,1,0,0,1,0,0,0,0,2026-10-02 11:59:12 UTC
753402745f877d5575523e52163f33a9dcf4958728a9251c9a39556bbfa5d85e,1,0,0,0,0,0,0,1,2026-10-02 11:59:12 UTC
75c12795016ae48b1bddd34a9f5adea63a12f58701eae01e1b4ab3d9dfa1513c,1,0,0,1,0,0,0,0,2026-10-02 11:59:12 UTC
76883d8e9a471cefc51e1d299b6103e96f9056ba6653eebaaab5352bb655a42f,1,0,0,0,0,0,0,1,2026-10-02 11:59:12 UTC
76fa58449b15814cfdf4e10120f6edaaa00660e4cc992def2634b7d4d8443af4,1,0,0,1,0,0,0,0,2026-10-02 11:59:12 UTC
77324ac428bde86d351fc5fc06f6d64a6bfe737dfb2743df1d4c5ac2418a5b6a,1,0,0,1,0,0,0,0,2026-10-02 11:59:12 UTC
77fb0e75f4396cb57bbbd28f6dc5310369a87abec9e2acc457aa99a0063ed27a,1,0,0,1,0,0,0,0,2026-10-02 11:59:12 UTC
7969ae5f11fc163049c8eadba06f814f5edece13a707e6087c1c49011a45b838,1,0,0,1,0,0,0,0,2026-10-02 11:59:12 UTC
7a6cea9f5c9e2e9994d4e3c4da73f86cf5acd05ea5d312c066c9d1dafd69ee38,1,0,0,1,0,0,0,0,2026-10-02 11:59:12 UTC
7add390ceee4a1373211b3e340451b34f08965fc4d805f94c9b8cebdc0775774,1,0,0,0,0,0,0,1,2026-10-02 11:59:12 UTC
7bb594a77f726bf21a49f717024f2915f82f47eb623d2ad305259301de1f1ab4,1,0,0,1,0,0,0,0,2026-10-02 11:59:12 UTC
7c2ac9c040b3300bffa7d2e435dbb1bc12e7efd644d2216d603c72121266395c,1,0,0,1,0,0,0,0,2026-10-02 11:59:12 UTC
7cb59abaa268ac66461447773d46bb0b0e5e2568e35e1a8f1d07ac2ec57f67a6,1,0,0,1,0,0,0,0,2026-10-02 11:59:12 UTC
7d5379a257d36469b963a321603db868c3634b64c6124c51a35b17f1c7e32db5,1,0,0,1,0,0,0,0,2026-10-02 11:59:12 UTC
7ea30f505101a5178e51f619bcf0fe27d9ebdcc2f26b6f7d4d3b68bd66107d21,1,0,0,0,0,0,0,1,2026-10-02 11:59:12 UTC
7f83fae6783ecc6007953802685917c9a596a3d2f38dadc17c294124db6381ae,1,0,0,1,0,0,0,0,2026-10-02 11:59:12 UTC
7fa98efba59614cec0b7291aedee98764f8dc037b6cc798c93951a31208e9e32,1,0,0,1,0,0,0,0,2026-10-02 11:59:12 UTC
8015f34dc84922b03688399d7f9fe7a00361789f7e420c7e2a2cdb23e75cef84,1,0,0,1,0,0,0,0,2026-10-02 11:59:12 UTC
80327ce89a3876c572fae294cd2be19e655d06f0f01ff9271a69414a07fb980a,1,0,0,0,0,0,0,1,2026-10-02 11:59:12 UTC
80961850786d6531f075b8a6f9a756ad,1,0,0,1,0,0,0,0,2026-10-02 11:59:12 UTC
80f759cdef77ce76d6b7cf4db20bcbe9,1,0,0,1,0,0,0,0,2026-10-02 11:59:12 UTC
84429d31af29467f86c96229fcb85c4beb9efb7280140a9570f9cab0cb0621e0,1,0,0,1,0,0,0,0,2026-10-02 11:59:12 UTC
857c2f283de799faa74b56e862c0a9f96e67aa1b4fa4a9e46395098365b99de3,1,0,0,1,0,0,0,0,2026-10-02 11:59:12 UTC
86a88534fd8eeafa587baee15d29a58cc290dcd4ccd43d87c3903c3ebd1c1bcb,1,0,0,0,0,0,0,1,2026-10-02 11:59:12 UTC
872a4a2ca24f5bf73b67e86243609ca93f90eb95,1,0,0,1,0,0,0,0,2026-10-02 11:59:12 UTC
8757fa3c656595aa741fc79af964ae1442f3adf9d9a5bc93a66ffb2c7001a12f,1,0,0,1,0,0,0,0,2026-10-02 11:59:12 UTC
87a52c46f1cd13cebba5d45c6a793f96b311514fd41ba70051bb3fb1c1dd6bbb,1,0,0,0,0,0,0,1,2026-10-02 11:59:12 UTC
89425f782a51f20c028d2b3c0b5136747dc55739890ac568fba8a090ecee9372,1,0,0,0,0,0,0,1,2026-10-02 11:59:12 UTC
8953ec7960b09f544a880b072ad4e6cfda7a8303f486251d3478dcfdfbac23b6,1,0,0,1,0,0,0,0,2026-10-02 11:59:12 UTC
8a509c926d2a1e3bba524c1aeb87058a08a2e52c3048e01ef1ac8a6fae07ce4e,1,0,0,1,0,0,0,0,2026-10-02 11:59:12 UTC
8a626d844943da3456b044f38deae3a2,1,0,0,1,0,0,0,0,2026-10-02 11:59:12 UTC
8a7bbc4d2c36df86b080eee0900dc54d4c51eaca374351735b297d85a56a1e88,1,0,0,0,0,0,0,1,2026-10-02 11:59:12 UTC
8b58f7811a2a2f2a5024220490473774f02759dd2dd904b5b9fabfbaae37125f,1,0,0,1,0,0,0,0,2026-10-02 11:59:12 UTC
8b6807b6a7479a2e770eb11a14de8e2e,1,0,0,1,0,0,0,0,2026-10-02 11:59:12 UTC
8bc7faf26555af80d943808be5ed89599ae19df6f78ef38a7c62dc2cf717baf4,1,0,0,1,0,0,0,0,2026-10-02 11:59:12 UTC
8ce8d8270ee9de02644530b8dd7fa78973b4a3b80f121e2c5f45ae68cce196f9,1,0,0,1,0,0,0,0,2026-10-02 11:59:12 UTC
8e1d68906d6de92f359945d3a95da1480e72773a3e8dea7682d6bf0f6699f75f,1,0,0,1,0,0,0,0,2026-10-02 11:59:12 UTC
8eb64f25d2a8e18e05aae058629473cf,1,0,0,1,0,0,0,0,2026-10-02 11:59:12 UTC
9003e39ec422f18c288e3b5d6b15fc0385d2e81bbaacf245e856d558537d0df7,1,0,0,0,0,0,0,1,2026-10-02 11:59:12 UTC
91038aebe528a065c3e995a418db6826,1,0,0,1,0,0,0,0,2026-10-02 11:59:12 UTC
9121ef0f2d7b2cc3c887420ecb1eae214db9cb780433d11565ab8c98a6ad99ec,1,0,0,0,0,0,0,1,2026-10-02 11:59:12 UTC
91a22cf3154944897cbcaffc7d20d4596e972d280ee134197d41d8d8eefb0fe2,1,0,0,1,0,0,0,0,2026-10-02 11:59:12 UTC
927c7fbef2e620c1ce482c3ed67ebf53da97693c1d6c7552c77aec84ba982cf8,1,0,0,0,0,0,0,1,2026-10-02 11:59:12 UTC
92c7d246d2c163c076f783dcc19f87f5b9b9ac301b106b87a7aaea9346ce0052,1,0,0,1,0,0,0,0,2026-10-02 11:59:12 UTC
93e46b15396ef0cabb44fe145b4168922ee56452ef702488ffbeb2a5e1c0d79e,1,0,0,0,0,0,0,1,2026-10-02 11:59:12 UTC
9514a4a4a35e00d4b4fc5d137dd09abce68788b36547ae7124f3ce55ac26c0d6,1,0,0,0,0,0,0,1,2026-10-02 11:59:12 UTC
9707a8694e954e9ee13e839d6e5905ce626c0837c7c90da6d1025bfbe152866b,1,0,0,1,0,0,0,0,2026-10-02 11:59:12 UTC
971cb2448b5d67dcc1f5eaa10d12e77f213035ad31230dc2ac7a510610a2059d,1,0,0,1,0,0,0,0,2026-10-02 11:59:12 UTC
98af0b13d4ff6fac233171b7cfe1a86abd3e20759295a88c5fa0ad64661a3cb4,1,0,0,0,0,0,0,1,2026-10-02 11:59:12 UTC
98cb0a7fff731f805fef0b2430ad4343,1,0,0,1,0,0,0,0,2026-10-02 11:59:12 UTC
9903f4576980ff7cfd560ca57c665a4b59b3c30d,1,0,0,1,0,0,0,0,2026-10-02 11:59:12 UTC
9af4e139869f56b4d259c0f05fe9b4cb9e9dab6cd7c13de7fa01d56126acd6ba,1,0,0,0,0,0,0,1,2026-10-02 11:59:12 UTC
9b7df409c9a89f7536d3ba7b6d43fb6dbac618c8bb52615ba34cc971ad71bbf3,1,0,0,1,0,0,0,0,2026-10-02 11:59:12 UTC
9c615db040b88c18ce6b96f30d08797045b7d506f940bea452dc7a6992fdbb8d,1,0,0,1,0,0,0,0,2026-10-02 11:59:12 UTC
9c7bf01d2c2cb31a3609d27c1bc9abc60d86e37b7f9908547e0c75fb18b99aab,1,0,0,0,0,0,0,1,2026-10-02 11:59:12 UTC
9ceb01f8bf7d6dba2ae07f5bd6070de3ec67b5eb01f969b0ba85e74564fb83a7,1,0,0,1,0,0,0,0,2026-10-02 11:59:12 UTC
9d6b58886189c0e23f706c32d3d8dda97b0b6d927ece6de07270813f070295b5,1,0,0,1,0,0,0,0,2026-10-02 11:59:12 UTC
9ec587911e501b73b7cf09f05d0ae17d,1,0,0,1,0,0,0,0,2026-10-02 11:59:12 UTC
9f9cf9f9cd616f2ba11d213188721d3f18808dfcb56ccb017842d34fd9bcce3d,1,0,0,0,0,0,0,1,2026-10-02 11:59:12 UTC
9faba65bf3acb83d01010b327b631b293052b760dc3e3f6b837b387581ec89df,1,0,0,0,0,0,0,1,2026-10-02 11:59:12 UTC
9fc50cf28f86201fda8306926817b1ede41fdd993202515905dd072f6803542f,1,0,0,1,0,0,0,0,2026-10-02 11:59:12 UTC
a02e305139e8a68be11e13de1f8bbdea00e6881020e33843a70db93cd0160404,1,0,0,0,0,0,0,1,2026-10-02 11:59:12 UTC
a03c84ae9e569c04fdd271277f508bba5a299d53c3c0efe0819338d178fe1c5b,1,0,0,1,0,0,0,0,2026-10-02 11:59:12 UTC
a0c8e8c03f1b11b84e24e3bd12e7002f1eea1cba855b8f318912c4e08e63a611,1,0,0,1,0,0,0,0,2026-10-02 11:59:12 UTC
a0e91085f08956a9a7034ace73cee60cb211f5d96f02bc91a026601bde8f2221,1,0,0,1,0,0,0,0,2026-10-02 11:59:12 UTC
a13182699a12a8dd9d07c336dbd8de5e9b086b9b09793b7de2e9761aa03ce1dc,1,0,0,1,0,0,0,0,2026-10-02 11:59:12 UTC
a248d1269b6515dd39d0f3891d59d2aff1faf0ea3a568617b92a09036499e5ff,1,0,0,0,0,0,0,1,2026-10-02 11:59:12 UTC
a27cafb84876a3374ef4aba1062345def6cd0b029eaf8e0dc44fa24fc943f3c6,1,0,0,1,0,0,0,0,2026-10-02 11:59:12 UTC
a555b158aac662ec0f518c6f1251e9d1bd3d5bd4fe89da1f20d63922f847cb15,1,0,0,0,0,0,0,1,2026-10-02 11:59:12 UTC
a555f3638c53592b3789df8a4cd03a225a2fb707cdde646887678dcbbbfa723f,1,0,0,0,0,0,0,1,2026-10-02 11:59:12 UTC
a690ceebefc4ed804fe3217a25b4ed94786d58d7ee4024f36887aa620ba793be,1,0,0,0,0,0,0,1,2026-10-02 11:59:12 UTC
a93c946c237b981189d2668d938a9d4d1d9681757e48dae8d9d65ed25b5da657,1,0,0,1,0,0,0,0,2026-10-02 11:59:12 UTC
aaff04d84ef85353966aa4af186ff1254b72c068f33f802417b29dc23fb9f192,1,0,0,1,0,0,0,0,2026-10-02 11:59:12 UTC
ab65bbfc505dbe1cebe6021fb36e2011f6aa1d64f5d87cee1cbee3fc2a0c7907,1,0,0,1,0,0,0,0,2026-10-02 11:59:12 UTC
abd43578b135df61f49844087af0b372ae10b2f27721ad6ba09710760ab0b240,1,0,0,1,0,0,0,0,2026-10-02 11:59:12 UTC
abfa7742e315485a98a5fafd6dbfb68e,1,0,0,1,0,0,0,0,2026-10-02 11:59:12 UTC
ac97f82098288232e8c6e0c8ce5f196b92b3bf59,1,0,0,1,0,0,0,0,2026-10-02 11:59:12 UTC
ad0bd2b45e2416fb1384bf30af068d857e7c06b4226615d66b55b610a34c5670,1,0,0,1,0,0,0,0,2026-10-02 11:59:12 UTC
ad32cad9cfc8c820e5c91d750796ed93f573f2335fc2dd87692e28dfc28626e5,1,0,0,0,0,0,0,1,2026-10-02 11:59:12 UTC
ae0ea6502d3fa5f0664bceb73189eb54,1,0,0,1,0,0,0,0,2026-10-02 11:59:12 UTC
ae1b45fb56b9f1b9cb3ee30d2bb1279c9b90b70bb62f8de305d198c6a4e0585e,1,0,0,1,0,0,0,0,2026-10-02 11:59:12 UTC
ae9f7fce57c7b928e659dccf0e00fa79cd9cd61a106f18d4e03f92dc3a03c295,1,0,0,1,0,0,0,0,2026-10-02 11:59:12 UTC
aea5e9029f9212d05bde10f7806d1f2819be45d167e6fd877b9fb1b11088ac90,1,0,0,1,0,0,0,0,2026-10-02 11:59:12 UTC
aee7413034beccb36ce9b13eb8bebb3c008b4e2f6a092ec1a74c571c2b9ec0dd,1,0,0,1,0,0,0,0,2026-10-02 11:59:12 UTC
b06b581d91f4108900d188c3ee1af18502a8cb65d4e101663b791bd670867485,1,0,0,1,0,0,0,0,2026-10-02 11:59:12 UTC
b0b912a3fd1c05d72080848ec4c92880004021a1,1,0,0,1,0,0,0,0,2026-10-02 11:59:12 UTC
b216e777ad85e77b033d68ad429d869a,1,0,0,1,0,0,0,0,2026-10-02 11:59:12 UTC
b314a1499cd728ca3e54b7150661fd0c7d2279065fe3f570f0f66c395d744460,1,0,0,1,0,0,0,0,2026-10-02 11:59:12 UTC
b31ca75f73a9363b0e35042a41216c3f581eaa0b9cd78cb58f089c2e40babd40,1,0,0,1,0,0,0,0,2026-10-02 11:59:12 UTC
b3416726a064dd7f657bbb400adeb365eea7f8bb60783ad2d9da1a1d93768731,1,0,0,1,0,0,0,0,2026-10-02 11:59:12 UTC
b3a2e37d066b444de23e1f98790a9fc1,1,0,0,1,0,0,0,0,2026-10-02 11:59:12 UTC
b3dd0c64f1ac41808087fb0caa11818e0cd2b88a595fbb27a2e89b35c1ac472c,1,0,0,0,0,0,0,1,2026-10-02 11:59:12 UTC
b59a21a8d4c0c11a9ecbbdbe2a2938499c99c5ebb210c9c6db9683c7ad19f4c4,1,0,0,1,0,0,0,0,2026-10-02 11:59:12 UTC
b6c4c29d020af4a437ed6269d3ff9b0d7b3bfdeb504ea96d95097439c872d60b,1,0,0,0,0,0,0,1,2026-10-02 11:59:12 UTC
b73c3d732bb6bff8b9088cc0dcbadb35eea0802056324f1b6295cb9277c62755,1,0,0,1,0,0,0,0,2026-10-02 11:59:12 UTC
b75492466462141c56d97b705f0c606faf272577631dc2822aa8d6bda53633b6,1,0,0,1,0,0,0,0,2026-10-02 11:59:12 UTC
b77575413c0f97eaf31e4a44c884c1ecdc0049ec89916ceb0bf3aaaedc0442fe,1,0,0,1,0,0,0,0,2026-10-02 11:59:12 UTC
b7a58329428b68f2c108a0f77f1a78fc,1,0,0,1,0,0,0,0,2026-10-02 11:59:12 UTC
b8884c8899f6ac4f8999c0736d04a856d3e7d9d57c775513078bd63b4bfd2d3f,1,0,0,0,0,0,0,1,2026-10-02 11:59:12 UTC
b8e6e83a73e6e07f8873c364dd2a4b830bceb60758163e2efcd7e387cb604655,1,0,0,1,0,0,0,0,2026-10-02 11:59:12 UTC
b90a4e770869c28fd2140acb3ebdc50c113bb6f096b4bbdb9ac87c349c70e85e,1,0,0,1,0,0,0,0,2026-10-02 11:59:12 UTC
b94610279cee6330a90b1697235a537c7d04ec3a8eef4c906ab5e8a38a530802,1,0,0,0,0,0,0,1,2026-10-02 11:59:12 UTC
bc3c0c58b7e16de0393818fed42b8e476fc61120fd487e60b12a0f608dfa16e6,1,0,0,1,0,0,0,0,2026-10-02 11:59:12 UTC
bc472170995b99fe5db03bea8c760dc13661a6ca3ef86b649a23f1774e7db4f0,1,0,0,0,0,0,0,1,2026-10-02 11:59:12 UTC
bc8b1b0c80512ba0e8ffccfee5b507df16a3355db1143c3ba81ef42dac1baa6c,1,0,0,1,0,0,0,0,2026-10-02 11:59:12 UTC
bc95ba9c18b4a42ef16cd467844465c1cac9d3ede338f4b0c63bc8b30fdfc360,1,0,0,0,0,0,0,1,2026-10-02 11:59:12 UTC
bd8ddc8f33e0fe43147ee6f1713654996420a27c5d2cd91751ad67124ebc6fe4,1,0,0,1,0,0,0,0,2026-10-02 11:59:12 UTC
be4d124725649e689322c156ea5bdc3e44e58c1f,1,0,0,1,0,0,0,0,2026-10-02 11:59:12 UTC
be7ac520b804f933db0dc789431034eaae7b14c7ff7ff65605d736e9d5873163,1,0,0,1,0,0,0,0,2026-10-02 11:59:12 UTC
beffc2ba67c460d84527c09f70e05f9ea79f0463e7ad0256dfade62b8335e8b5,1,0,0,0,0,0,0,1,2026-10-02 11:59:12 UTC
bf681f76dc3b6f497d8c58e705585ae0,1,0,0,1,0,0,0,0,2026-10-02 11:59:12 UTC
c24e99f9437feacaa63766a3cde3fe3d,1,0,0,1,0,0,0,0,2026-10-02 11:59:12 UTC
c2c004a56de2a99f5b06ceb58d8a4b371fb60fd66ff5936786fe8d8037ead208,1,0,0,1,0,0,0,0,2026-10-02 11:59:12 UTC
c3eba62c8bff4fbaf37b12bb471dd900df8f0d5510529b234819b4a0e3e486a1,1,0,0,0,0,0,0,1,2026-10-02 11:59:12 UTC
c4100ad39d8db98f063feb6c3b6c8e9a9f9d9bf25a1e0233f43b058ff8a7dbdf,1,0,0,1,0,0,0,0,2026-10-02 11:59:12 UTC
c45c3b9d40fb91eba3af49dc3c31dd5664ff0f3a2043d43a751092361060bfad,1,0,0,0,0,0,0,1,2026-10-02 11:59:12 UTC
c4603646701069ebdeabc96f74e1f947355ace8575560986d8393fcc6b88d0b7,1,0,0,1,0,0,0,0,2026-10-02 11:59:12 UTC
c46825fcc0d1bf7a8b192facb176d6bf916c9dccfd6fa994be691e3b0e585f4e,1,0,0,1,0,0,0,0,2026-10-02 11:59:12 UTC
c56fd048fdfc800a0a74ebe2cd5879bf,1,0,0,1,0,0,0,0,2026-10-02 11:59:12 UTC
c6100166e2d3b40388980f7674712ef39e937ac04925ca5d370415399ed73faf,1,0,0,1,0,0,0,0,2026-10-02 11:59:12 UTC
c66bc009627d9d81259a05206854f4508af42191962739801787f3f92ac182e2,1,0,0,0,0,0,0,1,2026-10-02 11:59:12 UTC
c6b8d0cdb53da98a5d15e79b7bb9e9f4c272c4f9592acdc291089f126f892f45,1,0,0,1,0,0,0,0,2026-10-02 11:59:12 UTC
c6da028e0a8a25a35efa28ba508a556d1b53d1e61113c0aaebf31a49a5668912,1,0,0,0,0,0,0,1,2026-10-02 11:59:12 UTC
c80ed6716e89d4862f28ebbc130ec5aa362db963,1,0,0,1,0,0,0,0,2026-10-02 11:59:12 UTC
c8d90a20bf1289f7bc270c6fe164d46e1c3fae0a28a4b11a51f8738a39bb1314,1,0,0,0,0,0,0,1,2026-10-02 11:59:12 UTC
c8e1239d7276178b6620f47ec4880494be1cb394477b223fc54bffb0947bff50,1,0,0,1,0,0,0,0,2026-10-02 11:59:12 UTC
c928dbf37ed5b799d3a78bd6449e0d74535ef1db,1,0,0,1,0,0,0,0,2026-10-02 11:59:12 UTC
ca14ad0344dc7216f6da29a5cbe4237d886cc5257e8c3a48fb4885a311c9b800,1,0,0,1,0,0,0,0,2026-10-02 11:59:12 UTC
cc648bee6b11ce487565ef67576eb1c6,1,0,0,1,0,0,0,0,2026-10-02 11:59:12 UTC
ccea4e1acc51ac43ba9da76ada00e7e308cc33d9c5c264dff82d1be83e957b88,1,0,0,1,0,0,0,0,2026-10-02 11:59:12 UTC
cd3509fa82e506cc6f2eeafa0a45d4b8b76a07edadd29779daf00568febcaba7,1,0,0,1,0,0,0,0,2026-10-02 11:59:12 UTC
cd68438902d232639295aba806688c8a291c8ba3ed2f4be220f4015633f526b7,1,0,0,0,0,0,0,1,2026-10-02 11:59:12 UTC
ceb2f87c77c15df3f39436c65f844260131324b04d221ff388ceb3c4cafa4838,1,0,0,0,0,0,0,1,2026-10-02 11:59:12 UTC
ceb3f7fe9a618ff29a21b126383c23900fad58d6ae2b5552d7e306e4b6acf4b0,1,0,0,1,0,0,0,0,2026-10-02 11:59:12 UTC
d0f0734d4e31ec126da43a46896d0cd761e5532c0c385db6226cc5a6927d7722,1,0,0,1,0,0,0,0,2026-10-02 11:59:12 UTC
d222549235db4112333d82e12f767d47,1,0,0,1,0,0,0,0,2026-10-02 11:59:12 UTC
d232d82e410de12702a67c58acf927304ee42f3e6d81a9d71eca99f9052126db,1,0,0,1,0,0,0,0,2026-10-02 11:59:12 UTC
d3b22101fe3e29640fe6b8d6aefe7708a2209cec,1,0,0,1,0,0,0,0,2026-10-02 11:59:12 UTC
d3b6c64efadcc722d1feabb677f0e11001901e97f0be35c8fe12731a6dc0ab70,1,0,0,0,0,0,0,1,2026-10-02 11:59:12 UTC
d3cb7ded277b49be06e6a1860f7c7e913e252802e9d32453a185e24797bf53ef,1,0,0,1,0,0,0,0,2026-10-02 11:59:12 UTC
d3fda1e6cf886fd530bf62e2d16c39ad23ed12a2c933fc211f1f4876ceaa033e,1,0,0,1,0,0,0,0,2026-10-02 11:59:12 UTC
d49cc01641c3045bf3119f9d71e7ffd29bfce32ca4b27cc96340716ed4d41cdc,1,0,0,1,0,0,0,0,2026-10-02 11:59:12 UTC
d4a2aa74a3d8aae51d6c0fdc3aab44f492490bbd647b7c885c9521a1c3c559a8,1,0,0,0,0,0,0,1,2026-10-02 11:59:12 UTC
d4cb2f5df16ec9b9c5b796ae55848534e15d4f8b8806f0431108fc7a99a2548a,1,0,0,1,0,0,0,0,2026-10-02 11:59:12 UTC
d5acf44658f0dce90bd160f15d8e07a96938c81661d87dc7e9cb0107863bfb90,1,0,0,1,0,0,0,0,2026-10-02 11:59:12 UTC
d6fe51c22b91776f4c961ea58bcac5917f15d560a619d7ce726d3d51795609d3,1,0,0,1,0,0,0,0,2026-10-02 11:59:12 UTC
d753a615aedf8e58ffc75b2b7ebd320c0cbe6bcb5cbb885db749a2a85c55d3bf,1,0,0,1,0,0,0,0,2026-10-02 11:59:12 UTC
d87201c1299a7f5854929645e6891c6c424d2a690031272bedacba7c5fe73a3e,1,0,0,1,0,0,0,0,2026-10-02 11:59:12 UTC
d8a42924fe433f50babe00be88e434e53960244b6b3a52090863f803b08b0190,1,0,0,1,0,0,0,0,2026-10-02 11:59:12 UTC
d9530e8cd79ac7b3d02b04e05426653afca7075fcf7424eec4d59c6e95745933,1,0,0,1,0,0,0,0,2026-10-02 11:59:12 UTC
d977e20c261c716faa4dbd7d0ffe1036,1,0,0,1,0,0,0,0,2026-10-02 11:59:12 UTC
db15a159ffa5f570bd280069208761d0aa1261bb409a5a9abc84fdc88d6ce80e,1,0,0,0,0,0,0,1,2026-10-02 11:59:12 UTC
db9ff235eae552276b12622ae9105f1c,1,0,0,1,0,0,0,0,2026-10-02 11:59:12 UTC
dc17c133c5d7087e6fa11a41cbaabf7cd870b2cf982f02b2df398eb78e408229,1,0,0,0,0,0,0,1,2026-10-02 11:59:12 UTC
dc45540bdad7a5ffc99dbe071dd8803aebb8b85c59b14871e33e58f9096d235d,1,0,0,0,0,0,0,1,2026-10-02 11:59:12 UTC
dd1e315f4f3e71b52a44fecccf3fd8b81705675dc5381db7aa5253f7549cc1ff,1,0,0,0,0,0,0,1,2026-10-02 11:59:12 UTC
dd434f3ffcafeda538d43226665115ba136ad0fdb43dad8536e1368ca9a17b64,1,0,0,1,0,0,0,0,2026-10-02 11:59:12 UTC
dd4744dd39b9cc3c61b5fa52652f67a04b4c1aec,1,0,0,1,0,0,0,0,2026-10-02 11:59:12 UTC
dd603f364f0ba58316fa103db4bfc6a03556d00f8a972a6d22fd046991df3964,1,0,0,1,0,0,0,0,2026-10-02 11:59:12 UTC
dd98dbc1a55afe6fd0ed2ed53a79c76f6bde15081a0060422185b74eb1799ee4,1,0,0,1,0,0,0,0,2026-10-02 11:59:12 UTC
ddb3a8c2556961f8549dea60181e57081e10a017c4afb93f485fee017b3cf578,1,0,0,0,0,0,0,1,2026-10-02 11:59:12 UTC
de10c6b3dc4619f59bc9c80a0aa15e6a,1,0,0,1,0,0,0,0,2026-10-02 11:59:12 UTC
de539a63cbe27bbd4a7db30fc796cd6dc5309c02ef5e60a3c5cf0835e5601283,1,0,0,1,0,0,0,0,2026-10-02 11:59:12 UTC
e0f775585bd8580d5cdda0e7d91a370a,1,0,0,1,0,0,0,0,2026-10-02 11:59:12 UTC
e14240bac8277b0f6dd4d29ab5da20d246bcccae647e5fe8d19cdae7fe471b20,1,0,0,1,0,0,0,0,2026-10-02 11:59:12 UTC
e27ae65977287bdfb7b0e15fd3603f85,1,0,0,1,0,0,0,0,2026-10-02 11:59:12 UTC
e2eb7703047b37b28dc34e6990205d758a2454b39bc655b460606745fadcb530,1,0,0,1,0,0,0,0,2026-10-02 11:59:12 UTC
e2f59d8d5a81583ed482b6c7bf37699efdb2264e452cf7d8cfc0c54dfbd9ab3f,1,0,0,1,0,0,0,0,2026-10-02 11:59:12 UTC
e31e5da7c58a7e8f89f9629f095edd7d741a1fb0b85fcb39f3818dbd9497b1e3,1,0,0,1,0,0,0,0,2026-10-02 11:59:12 UTC
e3204b05e2f3a29bb6e6fcc21dda77d7cd31dfa755c21da0aa8661b5619ee0a1,1,0,0,1,0,0,0,0,2026-10-02 11:59:12 UTC
e3b2bba523c035177241f6f66168e60fa6abbaaf,1,0,0,1,0,0,0,0,2026-10-02 11:59:12 UTC
e4fe2dee8f0bb132fa15fc686d1f93df39530a2d3a8d3a1f3a605a057c04e7b3,1,0,0,1,0,0,0,0,2026-10-02 11:59:12 UTC
e58831766e8d4313db9f8b85f90c3a840aa0d84cfeac285beefa40e39ad0d1fb,1,0,0,1,0,0,0,0,2026-10-02 11:59:12 UTC
e614b7d5a7a363fb1b355a87e2e8d9e8a05bbbca08f2cee3d606bdb5015ac53b,1,0,0,1,0,0,0,0,2026-10-02 11:59:12 UTC
e6bb4b141fa499e89213c4781426f88aa95759d2,1,0,0,1,0,0,0,0,2026-10-02 11:59:12 UTC
e6ff096a0562c0042b09d250bd60272ffcd8d72bd95c563842acf765a8dc8bcf,1,0,0,1,0,0,0,0,2026-10-02 11:59:12 UTC
e72c9abb39a7be23230d6dcdaa13c89e0606783f4ede14acef48e610159bf80e,1,0,0,1,0,0,0,0,2026-10-02 11:59:12 UTC
e7e3b0bcd6798634adf8b49d305f3a7b7682e4b76db549682a183c5a186df4bb,1,0,0,1,0,0,0,0,2026-10-02 11:59:12 UTC
e809da86bd81463347fa7f922d3e088755a94a331889d32acb55aa8f57778a34,1,0,0,1,0,0,0,0,2026-10-02 11:59:12 UTC
e81ba20e4b62ee5bb4648e57cd4811084dfab5c9,1,0,0,1,0,0,0,0,2026-10-02 11:59:12 UTC
e91e42b05908e53aa063c05b7bf2a5355dbdb112,1,0,0,1,0,0,0,0,2026-10-02 11:59:12 UTC
e97af0f7cc5e9f9051e68b7834e9c59ba1633d58a18475d4663add0e3da7300c,1,0,0,0,0,0,0,1,2026-10-02 11:59:12 UTC
e9dee286069afb6b411febb96b91a963cd16baffbf8b6aa951e0ef1a7e0e3879,1,0,0,1,0,0,0,0,2026-10-02 11:59:12 UTC
ed980f2fa0642b1a5ba0bca65f5b3baee8a7b3f5d149bf295aa4ac7a70b92cec,1,0,0,1,0,0,0,0,2026-10-02 11:59:12 UTC
eea631b5f7125239db0811e4682c2316ead69f9822e02d94fb5d8bf0d2faebed,1,0,0,1,0,0,0,0,2026-10-02 11:59:12 UTC
eff5d63ddf1813962f0d8ad1250cea5486c8bb5dd27c3f432b43957a33e43764,1,0,0,1,0,0,0,0,2026-10-02 11:59:12 UTC
f08967cdbdb0e00f35378885142dc5a33f305791496ab4977384050fcf8e3571,1,0,0,0,0,0,0,1,2026-10-02 11:59:12 UTC
f094b8263471c7b76dbed03d420736449920368fa0eca2ed6b1aea2645138d97,1,0,0,1,0,0,0,0,2026-10-02 11:59:12 UTC
f0c1dc6d6daa4d010932c7818ed5f22929c182f58e5f495fabe2fb3cfc835b97,1,0,0,1,0,0,0,0,2026-10-02 11:59:12 UTC
f0e45e139ddddfb654f645c935e8e84f7812ae2b,1,0,0,1,0,0,0,0,2026-10-02 11:59:12 UTC
f1ef5fe4c0cdcff13cc750c867728b89719f81437bdc49041edd1ae1f3edb4e8,1,0,0,1,0,0,0,0,2026-10-02 11:59:12 UTC
f2fdfddbc436acc24a654092f5205b2c5bd3208b126b2c2754ac63e7aea22298,1,0,0,1,0,0,0,0,2026-10-02 11:59:12 UTC
f33d160d757e4b39019fdef21cf90cafb501b800ca0d4039366bc30856e3d81b,1,0,0,1,0,0,0,0,2026-10-02 11:59:12 UTC
f34330d4c6e0aa978dc3af40360c14b31ad51127,1,0,0,1,0,0,0,0,2026-10-02 11:59:12 UTC
f43139ef9d88ede77a4bc9b2d44eb442665d3da256077e76dab4b610d664b3ad,1,0,0,0,0,0,0,1,2026-10-02 11:59:12 UTC
f5cb1defc630bd9d867458964bc4ccc8,1,0,0,1,0,0,0,0,2026-10-02 11:59:12 UTC
f5fef1fdb44b78653d6826a16fcb886b080f95b21f94474979ef7283c2e5376e,1,0,0,1,0,0,0,0,2026-10-02 11:59:12 UTC
f7269f80f81e99d06a590d7ab374e12fdf7e5f55a02c2a46c342d670f8519fdf,1,0,0,1,0,0,0,0,2026-10-02 11:59:12 UTC
f78a1f29bc4dad2a74a77f652857b8e1,1,0,0,1,0,0,0,0,2026-10-02 11:59:12 UTC
f90fa81a5f521d785f2b2f765e3ab897,1,0,0,1,0,0,0,0,2026-10-02 11:59:12 UTC
f9651b6e87843e2e72788c4c489378a7,1,0,0,1,0,0,0,0,2026-10-02 11:59:12 UTC
f9964a8d9d01052d9bebe057deadd7ce9d794e8296e2a72229f8ae4aa62ae224,1,0,0,1,0,0,0,0,2026-10-02 11:59:12 UTC
f9d72431b6bf14fded482e1137bdecaed3107e7a82ab740bdd3959bcf3884a4c,1,0,0,1,0,0,0,0,2026-10-02 11:59:12 UTC
f9fc7339fe8db0e0fa7feb20403a274692f3e51cebfade3d8647b16a33b7bd8c,1,0,0,0,0,0,0,1,2026-10-02 11:59:12 UTC
fad8f76afec90c888b4a739539deae250320fd49c34ef8458833b356ea9b7767,1,0,0,1,0,0,0,0,2026-10-02 11:59:12 UTC
fb3846c9ac53d1b841ada3a6b1091153fea41a169cb44fe0084097d1f4d45984,1,0,0,1,0,0,0,0,2026-10-02 11:59:12 UTC
fc96a04c615847f0fb1391f04d9d1aac7f78ddfb7d459168df0a4172b98354e2,1,0,0,1,0,0,0,0,2026-10-02 11:59:12 UTC
fdbd047031c13a17c9f491c9355f44d587584ebe2b8927be8482e6c236c8e1c1,1,0,0,1,0,0,0,0,2026-10-02 11:59:12 UTC
feb434b0754a004e6080c1d427a149165bc460edf918ce749f3ae413c6a45b20,1,0,0,0,0,0,0,1,2026-10-02 11:59:12 UTC
