2026-10-05 18:19:05,Mozi,url,http://100.165.14.123:55983/Mozi.m,#elf #IoT #Mozi,https://honeylabs.net/lookup/100.165.14.123
2026-10-06 00:18:50,Mozi,url,http://103.66.149.154:47461/Mozi.m,#elf #IoT #Mozi,https://honeylabs.net/lookup/103.66.149.154
2026-10-05 18:19:06,Mozi,url,http://175.107.228.239:58192/Mozi.m,#elf #IoT #Mozi,https://honeylabs.net/lookup/175.107.228.239
2026-10-05 18:19:07,Mozi,url,http://202.47.51.242:33649/Mozi.m,#elf #IoT #Mozi,https://honeylabs.net/lookup/202.47.51.242
2026-10-05 18:19:06,Mozi,url,http://202.70.139.186:32913/Mozi.m,#elf #IoT #Mozi,https://honeylabs.net/lookup/202.70.139.186
2026-10-06 00:18:49,Mozi,url,http://42.224.146.34:55637/Mozi.m,#elf #IoT #Mozi,https://honeylabs.net/lookup/42.224.146.34
2026-10-06 06:18:48,Mozi,url,http://72.255.52.168:35330/Mozi.a,#elf #IoT #Mozi,https://honeylabs.net/lookup/72.255.52.168
2026-10-06 07:41:23,Remus,url,http://assetvs.biz:4529/customers,#Remus,https://threatfox.abuse.ch/ioc/1954430/
2026-10-05 13:27:19,ClearFake,url,http://cdn.jsdelivr.net/gh/04FB-fF/c19e1173-a40b-4198-b705-b85466f6cde0/119-73c4846d6ec9,#ClearFake,https://threatfox.abuse.ch/ioc/1952804/
2026-10-06 04:53:48,Remus,url,http://coxmics.shop:4262/invoices,#Remus,https://threatfox.abuse.ch/ioc/1954239/
2026-10-06 07:31:24,Remus,url,http://futlink.click:4326/documents,#Remus,https://threatfox.abuse.ch/ioc/1954427/
2026-10-06 06:39:23,Remus,url,http://futlink.click:4326/profiles,#Remus,https://threatfox.abuse.ch/ioc/1954363/
2026-10-06 07:00:12,Remus,url,http://gerzone.click:4262/webhooks,#Remus,https://threatfox.abuse.ch/ioc/1954415/
2026-10-06 04:53:48,Remus,url,http://sdatery.shop:5003/workspaces,#Remus,https://threatfox.abuse.ch/ioc/1954238/
2026-10-06 07:00:12,Remus,url,http://sxdment.click:5003/comments,#Remus,https://threatfox.abuse.ch/ioc/1954414/
2026-10-06 06:55:09,Remus,url,http://sxdment.click:5003/permissions,#Remus,https://threatfox.abuse.ch/ioc/1954410/
2026-10-06 07:41:23,Remus,url,http://synerfy.biz:6627/addresses,#Remus,https://threatfox.abuse.ch/ioc/1954429/
2026-10-06 07:57:23,Remus,url,http://trencts.shop:8592/folders,#Remus,https://threatfox.abuse.ch/ioc/1954475/
2026-10-06 07:46:50,Remus,url,http://visnary.my:5621/tags,#Remus,https://threatfox.abuse.ch/ioc/1954443/
2026-10-05 15:40:15,ClearFake,url,https://0345ff3a-89ea-4b42-48a38a3b396d.foxdale.cc/install.ps1,#ClearFake,https://threatfox.abuse.ch/ioc/1953058/
2026-10-06 11:10:23,Unknown malware,url,https://0807.st/Y2Mqku9.dat,,https://www.joesandbox.com/analysis/1982924
2026-10-06 08:05:13,Vidar,url,https://188.245.231.9,#a7506916c8ace0b287d9d16bd19a6135 #c2 #Loader #stealer #Vidar,https://threatfox.abuse.ch/ioc/1954476/
2026-10-05 22:15:39,Vidar,url,https://50.116.26.224,#Vidar,https://bazaar.abuse.ch/sample/9515a9525a7533ba496952c8060bc7cc2794cecec2674b32adb2c7c0aa3d1a1f/
2026-10-06 03:09:59,Vidar,url,https://78.47.230.34,#Vidar,https://threatfox.abuse.ch/ioc/1954081/
2026-10-06 06:58:45,Vidar,url,https://91.98.96.199,#Vidar,https://threatfox.abuse.ch/ioc/1954412/
2026-10-05 15:40:15,ClearFake,url,https://94ddb3c2-52d7-43cb-a5f6-666966a1c7cf.foxdale.cc/cinstall.ps1,#ClearFake,https://threatfox.abuse.ch/ioc/1953057/
2026-10-05 13:27:17,IClickFix,url,https://a611-ce4cac3252f6.foxdale.cc,#ClearFake #ClickFix,https://threatfox.abuse.ch/ioc/1952809/
2026-10-05 18:00:56,Unknown malware,url,https://aandatires.com/,#ClickFix,https://clickfix.carsonww.com/domains/aandatires.com
2026-10-06 05:27:11,IClickFix,url,https://ashen-arc-badger-maie.life/t.js?site=f336ffdbb037127fe5e5a586fd71238c,#Amos #ClickFix #fakeupdates #stager,https://threatfox.abuse.ch/ioc/1954252/
2026-10-05 19:31:00,Unknown malware,url,https://banjarnegeri.id/,#ClickFix,https://clickfix.carsonww.com/domains/banjarnegeri.id
2026-10-05 15:40:14,ClearFake,url,https://brambly.world/cinstall.ps1,#ClearFake,https://threatfox.abuse.ch/ioc/1953053/
2026-10-05 21:30:55,Unknown malware,url,https://businesstime.com.au/,#ClickFix,https://clickfix.carsonww.com/domains/businesstime.com.au
2026-10-05 13:45:47,ClearFake,url,https://cdn.jsdelivr.net/gh/04fb-ff/c19e1173-a40b-4198-b705-b85466f6cde0/119-73c4846d6ec9,#ClearFake,https://threatfox.abuse.ch/ioc/1952830/
2026-10-05 13:29:04,ClearFake,url,https://cdn.jsdelivr.net/gh/20fd0ae3e004/0d377d00-78a8-4d8d-90b1-243adcb9e9fd/84e8-38f0a7270d68,#ClearFake,https://threatfox.abuse.ch/ioc/1952821/
2026-10-05 12:54:40,IClickFix,url,https://cdn.quickdelivr.com/mpackage.js,#BSC #ClickFix #etherhiding #IClickFix #TDS,https://threatfox.abuse.ch/ioc/1952789/
2026-10-05 16:41:20,SmartApeSG,url,https://chamomilecanto.co/version/health-worker.js,#SmartApeSG,https://threatfox.abuse.ch/ioc/1953110/
2026-10-05 23:30:55,Unknown malware,url,https://eldahouara.com/,#ClickFix,https://clickfix.carsonww.com/domains/eldahouara.com
2026-10-05 23:30:54,Unknown malware,url,https://evergreenyib.com/,#ClickFix,https://clickfix.carsonww.com/domains/evergreenyib.com
2026-10-06 05:26:59,StrelaStealer,url,https://fern-song.pages.dev/win/index.php?vq=7ZNbQwNzBJ2yll0ZkiqiA2QyREYyaVMwT1BCOTFPb1JEeHRNL2dLNVNDc2UvMDVlNmFpWkJPeHFyazl1VGpHUzA4MXRRamttLzVKOTI4R2ptaHcxeGtsUHhPTXlneFFCTWJjZGNUNkZteDRDRm43K2ovVXBZMjlVU3lISDdLdlREZlBrMG9UL1RYUkFiYWhBQmxTS09vMVJuMUcyM2w2U1JGT29VUm5ITmJRSmZFOFdCbUIrSVIxbVdTdWxPVGdjWXQxNXIrZ1kyUlZvcmQ1ZQ==,#fakeupdates #StrelaStealer #TDS,https://threatfox.abuse.ch/ioc/1954267/
2026-10-06 05:28:13,Vidar,url,https://fu.333pwk.org,#b98dd86b169ec45dd28e99dcad12402a #c2 #Loader #stealer #Vidar,https://threatfox.abuse.ch/ioc/1953319/
2026-10-05 15:55:48,Vidar,url,https://fu.333pwk.org/,#Vidar,https://threatfox.abuse.ch/ioc/1953104/
2026-10-06 05:28:12,Vidar,url,https://fu.396zk.net,#18639d8e3c129270e4d9f4328b3819a1 #c2 #Loader #stealer #Vidar,https://threatfox.abuse.ch/ioc/1953342/
2026-10-05 15:55:48,Vidar,url,https://fu.396zk.net/,#Vidar,https://threatfox.abuse.ch/ioc/1953102/
2026-10-06 00:30:52,Unknown malware,url,https://fundacionitek.cl/,#ClickFix,https://clickfix.carsonww.com/domains/fundacionitek.cl
2026-10-06 00:14:05,Vidar,url,https://gl.333pwk.org,#Vidar,https://threatfox.abuse.ch/ioc/1953803/
2026-10-06 05:27:11,IClickFix,url,https://glacial-sketch-otter-triis.live/t.js?site=1ceb406e0955a1195f6c4cb20c80e56e,#Amos #ClickFix #fakeupdates #stager,https://threatfox.abuse.ch/ioc/1954253/
2026-10-06 12:30:57,Unknown malware,url,https://googlegeminiearly-access.com/,#ClickFix,https://clickfix.carsonww.com/domains/googlegeminiearly-access.com
2026-10-06 05:27:43,Unknown RAT,url,https://heavenproject.lgbt/api/browser_data,#HeavenStealer #RAT #stealer,https://app.any.run/tasks/8233715f-45b8-4286-bc47-53ec8d8df388
2026-10-06 05:27:46,Unknown RAT,url,https://heavenproject.lgbt/api/connect,#HeavenStealer #RAT #stealer,https://app.any.run/tasks/8233715f-45b8-4286-bc47-53ec8d8df388
2026-10-06 05:27:39,Unknown RAT,url,https://heavenproject.lgbt/api/file_list,#HeavenStealer #RAT #stealer,https://app.any.run/tasks/8233715f-45b8-4286-bc47-53ec8d8df388
2026-10-06 05:27:38,Unknown RAT,url,https://heavenproject.lgbt/api/file_upload,#HeavenStealer #RAT #stealer,https://app.any.run/tasks/8233715f-45b8-4286-bc47-53ec8d8df388
2026-10-06 05:27:44,Unknown RAT,url,https://heavenproject.lgbt/api/heartbeat,#HeavenStealer #RAT #stealer,https://app.any.run/tasks/8233715f-45b8-4286-bc47-53ec8d8df388
2026-10-06 05:27:34,Unknown RAT,url,https://heavenproject.lgbt/api/hvnc_clipboard,#HeavenStealer #RAT #stealer,https://app.any.run/tasks/8233715f-45b8-4286-bc47-53ec8d8df388
2026-10-06 05:27:35,Unknown RAT,url,https://heavenproject.lgbt/api/hvnc_stream,#HeavenStealer #RAT #stealer,https://app.any.run/tasks/8233715f-45b8-4286-bc47-53ec8d8df388
2026-10-06 05:27:44,Unknown RAT,url,https://heavenproject.lgbt/api/keylog,#HeavenStealer #RAT #stealer,https://app.any.run/tasks/8233715f-45b8-4286-bc47-53ec8d8df388
2026-10-06 05:27:42,Unknown RAT,url,https://heavenproject.lgbt/api/processes,#HeavenStealer #RAT #stealer,https://app.any.run/tasks/8233715f-45b8-4286-bc47-53ec8d8df388
2026-10-06 05:27:40,Unknown RAT,url,https://heavenproject.lgbt/api/screen,#HeavenStealer #RAT #stealer,https://app.any.run/tasks/8233715f-45b8-4286-bc47-53ec8d8df388
2026-10-06 05:27:43,Unknown RAT,url,https://heavenproject.lgbt/api/terminal,#HeavenStealer #RAT #stealer,https://app.any.run/tasks/8233715f-45b8-4286-bc47-53ec8d8df388
2026-10-06 05:27:38,Unknown RAT,url,https://heavenproject.lgbt/api/upload_zip,#HeavenStealer #RAT #stealer,https://app.any.run/tasks/8233715f-45b8-4286-bc47-53ec8d8df388
2026-10-06 05:27:36,Unknown RAT,url,https://heavenproject.lgbt/api/v1/config_sync,#HeavenStealer #RAT #stealer,https://app.any.run/tasks/8233715f-45b8-4286-bc47-53ec8d8df388
2026-10-06 05:27:37,Unknown RAT,url,https://heavenproject.lgbt/api/v1/update_check,#HeavenStealer #RAT #stealer,https://app.any.run/tasks/8233715f-45b8-4286-bc47-53ec8d8df388
2026-10-06 05:27:36,Unknown RAT,url,https://heavenproject.lgbt/send-steam,#HeavenStealer #RAT #stealer,https://app.any.run/tasks/8233715f-45b8-4286-bc47-53ec8d8df388
2026-10-06 12:50:48,Vidar,url,https://hi.333vip.org/,#Vidar,https://threatfox.abuse.ch/ioc/1954684/
2026-10-06 01:30:54,Unknown malware,url,https://hiramdesigns.com/,#ClickFix,https://clickfix.carsonww.com/domains/hiramdesigns.com
2026-10-06 00:30:52,Unknown malware,url,https://hiveandhalo.com/,#ClickFix,https://clickfix.carsonww.com/domains/hiveandhalo.com
2026-10-06 02:30:53,Unknown malware,url,https://innoventservices.com/,#ClickFix,https://clickfix.carsonww.com/domains/innoventservices.com
2026-10-06 01:30:54,Unknown malware,url,https://inyathileplek.co.za/,#ClickFix,https://clickfix.carsonww.com/domains/inyathileplek.co.za
2026-10-06 01:30:54,Unknown malware,url,https://isometricinteriors.ae/,#ClickFix,https://clickfix.carsonww.com/domains/isometricinteriors.ae
2026-10-06 02:30:53,Unknown malware,url,https://jailimeandchemical.com/,#ClickFix,https://clickfix.carsonww.com/domains/jailimeandchemical.com
2026-10-06 00:30:52,Unknown malware,url,https://kalerdarpan24.com/,#ClickFix,https://clickfix.carsonww.com/domains/kalerdarpan24.com
2026-10-06 02:30:53,Unknown malware,url,https://kiasuplumber.com/,#ClickFix,https://clickfix.carsonww.com/domains/kiasuplumber.com
2026-10-06 03:30:53,Unknown malware,url,https://layyahnews.com/,#ClickFix,https://clickfix.carsonww.com/domains/layyahnews.com
2026-10-06 05:26:57,StrelaStealer,url,https://lemon-hill7.pages.dev/win/index.php?vq=mIkU125tvDTrm29Wcxr3HjBWbDVXaUMxKzNKdEcvR1U2MEtqbXY1VkVLdkgxSWE1U1dnbVRzRmFkeU9ZYWVMWWU2R3ZDMGZ1Y1NjcGZ4bXF6ekJrSkJsNjEzNEwza3lBVnlJcXNOVis3TUtRQlRaaUlBV1hIMGIvUmRkdTMrVzhYeERkUGk1RCtmUmw5OC9GcUhMM0tGL3lqazhpZDFMUStsLzJVRlltYW1jWEZiOUpVK0tkL21IR2FpTml3eVZPMzlVTm1mbDFVV3F3akRSTg==,#fakeupdates #StrelaStealer #TDS,https://threatfox.abuse.ch/ioc/1954269/
2026-10-06 03:30:53,Unknown malware,url,https://littletripster.com/,#ClickFix,https://clickfix.carsonww.com/domains/littletripster.com
2026-10-06 03:30:53,Unknown malware,url,https://lizzardinsure.co.za/,#ClickFix,https://clickfix.carsonww.com/domains/lizzardinsure.co.za
2026-10-06 04:00:55,Unknown malware,url,https://logintechs.com/,#ClickFix,https://clickfix.carsonww.com/domains/logintechs.com
2026-10-06 03:30:53,Unknown malware,url,https://luthra.com/,#ClickFix,https://clickfix.carsonww.com/domains/luthra.com
2026-10-06 03:30:53,Unknown malware,url,https://magazine96th.com/,#ClickFix,https://clickfix.carsonww.com/domains/magazine96th.com
2026-10-06 03:30:53,Unknown malware,url,https://makerman.in/,#ClickFix,https://clickfix.carsonww.com/domains/makerman.in
2026-10-06 04:00:55,Unknown malware,url,https://maryberryfiberart.com/,#ClickFix,https://clickfix.carsonww.com/domains/maryberryfiberart.com
2026-10-06 05:27:10,IClickFix,url,https://mesa-seen-dcjcj.live/t.js?site=90efba9324efc90989abbdf2e9e43c85,#Amos #ClickFix #fakeupdates #stager,https://threatfox.abuse.ch/ioc/1954254/
2026-10-06 06:31:06,Unknown malware,url,https://nougatine-dz.com/,#ClickFix,https://clickfix.carsonww.com/domains/nougatine-dz.com
2026-10-06 05:28:16,HijackLoader,url,https://ohhhhhmoney.com/fF2,#HijackLoader,https://threatfox.abuse.ch/ioc/1953215/
2026-10-06 06:31:06,Unknown malware,url,https://openad.io/,#ClickFix,https://clickfix.carsonww.com/domains/openad.io
2026-10-06 06:31:06,Unknown malware,url,https://orycan.com/,#ClickFix,https://clickfix.carsonww.com/domains/orycan.com
2026-10-06 06:31:06,Unknown malware,url,https://parsifal21.com.br/,#ClickFix,https://clickfix.carsonww.com/domains/parsifal21.com.br
2026-10-06 06:31:06,Unknown malware,url,https://perraloca.com/,#ClickFix,https://clickfix.carsonww.com/domains/perraloca.com
2026-10-06 05:26:58,StrelaStealer,url,https://polar-willow-comet.pages.dev/win/index.php?vq=dIjPdmJg8VKQ7DAHcDcz/ktPUXRhNU0vV3phVGNlb0IrbGE1TGdYYlZkMXJrUXJlaWdDYUE1aHF0Si9McmYzdmlNdUVVc2RUZXBDQ3AvSzU0b1FXQ2ZTTklxYjRuU25pQlo2NDZXOHFsdFdRejZNWGpPMG5STUVLZ0V4b0VRUHRIU1NxeFRKOXVrWDFBV3AwdHdBZ2F0emJuUUlVVVc1Y2F2d2lTMjZUVWdpOWoyZDJwSzNBZ2poVUdvYnk1Q0xtQ0tWOG1CZmNRblMyNUpGLw==,#fakeupdates #StrelaStealer #TDS,https://threatfox.abuse.ch/ioc/1954268/
2026-10-06 06:31:06,Unknown malware,url,https://prema.agr.br/,#ClickFix,https://clickfix.carsonww.com/domains/prema.agr.br
2026-10-05 15:40:14,ClearFake,url,https://rawcdn.githack.com/dsteru3421/02-FD9159F9-9A/refs/heads/main/f28ddb96-d4bc-410,#ClearFake,https://threatfox.abuse.ch/ioc/1953054/
2026-10-05 15:40:14,ClearFake,url,https://rawcdn.githack.com/dsteru3421/559f-2414-494a-8560-23ce5908/refs/heads/main/eea997-d7e6-43f3-a5bd,#ClearFake,https://threatfox.abuse.ch/ioc/1953055/
2026-10-05 15:40:15,ClearFake,url,https://rawcdn.githack.com/dsteru3421/5c5d8d-0333-4cbe-b328-d84e0dd9d/refs/heads/main/71f93c0a-94ad-4763-bab8-ba459e8b3395,#ClearFake,https://threatfox.abuse.ch/ioc/1953056/
2026-10-06 11:10:22,Unknown malware,url,https://relay.pettnittiprague.workers.dev/ws/5c0dc8127a0cd5ed/agent?v=29,,https://www.joesandbox.com/analysis/1982924
2026-10-06 10:30:57,Unknown malware,url,https://rumberamaturin.com/,#ClickFix,https://clickfix.carsonww.com/domains/rumberamaturin.com
2026-10-06 11:18:13,SalatStealer,url,https://sa1atik.cn/sa1at/,#SalatStealer,https://threatfox.abuse.ch/ioc/1954616/
2026-10-06 05:27:10,IClickFix,url,https://sable-orbit-wren-fiayn.live/t.js?site=a5289897c1d80a182ea44da6c39f358e,#Amos #ClickFix #fakeupdates #stager,https://threatfox.abuse.ch/ioc/1954255/
2026-10-06 11:18:12,SalatStealer,url,https://salator.es/sa1at/,#SalatStealer,https://threatfox.abuse.ch/ioc/1954617/
2026-10-06 12:00:54,Unknown malware,url,https://smartxtactive.com/,#ClickFix,https://clickfix.carsonww.com/domains/smartxtactive.com
2026-10-06 05:27:09,IClickFix,url,https://vailora231.life/t.js?site=11f829d840226cb9806390f2aae4f9d0,#Amos #ClickFix #fakeupdates #stager,https://threatfox.abuse.ch/ioc/1954256/
2026-10-06 05:27:13,IClickFix,url,https://viorsoonlucid.life/t.js?site=f5b9d245ef44e6921c62968bcb513df7,#Amos #ClickFix #fakeupdates #stager,https://threatfox.abuse.ch/ioc/1954251/
2026-10-06 11:18:14,SalatStealer,url,https://wruser.org/sa1at/,#SalatStealer,https://threatfox.abuse.ch/ioc/1954614/
2026-10-06 11:18:13,SalatStealer,url,https://wruser.org:992/sa1at/,#SalatStealer,https://threatfox.abuse.ch/ioc/1954615/
2026-10-06 02:30:53,Unknown malware,url,https://www.karolsequeira.com/,#ClickFix,https://clickfix.carsonww.com/domains/www.karolsequeira.com
2026-10-05 19:31:00,Unknown malware,url,https://www.lee-art.ch/,#ClickFix,https://clickfix.carsonww.com/domains/www.lee-art.ch
2026-10-06 05:30:52,Unknown malware,url,https://www.mubillc.com/,#ClickFix,https://clickfix.carsonww.com/domains/www.mubillc.com
2026-10-06 05:27:21,Vidar,url,https://xg.333pwk.org,#c2 #e4ff87b25096e0f9d334a8d53cc6b039 #Loader #stealer #Vidar,https://threatfox.abuse.ch/ioc/1954077/
2026-10-05 22:20:48,Vidar,url,https://xg.333pwk.org/,#Vidar,https://threatfox.abuse.ch/ioc/1953652/
2026-10-06 05:27:25,Vidar,url,https://xg.396zk.net,#b98dd86b169ec45dd28e99dcad12402a #c2 #Loader #stealer #Vidar,https://threatfox.abuse.ch/ioc/1953933/
2026-10-05 22:20:48,Vidar,url,https://xg.396zk.net/,#Vidar,https://threatfox.abuse.ch/ioc/1953650/
2026-10-05 18:01:21,Unknown RAT,url,https://zibidik.sbs/ws,#IRAHook #RAT #stealer,https://app.any.run/tasks/8b341b57-fec3-4f0d-b1e7-a8ec52f1b66b
