2026-09-30 20:35:02,Nanocore RAT,domain,1100053.1100053.com,#NanoCore,https://threatfox.abuse.ch/ioc/1943261/
2026-09-29 23:24:26,ClearFake,domain,110digitech.com.au,#compromised #etherhide,https://threatfox.abuse.ch/ioc/1942205/
2026-09-30 18:04:54,Remcos,domain,123but.com,#remcos,https://threatfox.abuse.ch/ioc/1943081/
2026-09-30 18:04:54,Remcos,domain,19slotwallet.co,#remcos,https://threatfox.abuse.ch/ioc/1943082/
2026-09-30 18:04:55,Remcos,domain,22sandibet.buzz,#remcos,https://threatfox.abuse.ch/ioc/1943083/
2026-09-30 20:35:02,Nanocore RAT,domain,30yrs.co,#NanoCore,https://threatfox.abuse.ch/ioc/1943262/
2026-09-29 23:24:27,ClearFake,domain,317lights.com,#compromised #etherhide,https://threatfox.abuse.ch/ioc/1942209/
2026-09-30 20:36:40,XWorm,domain,38.tcp.vip.cpolar.cn,#XWorm,https://threatfox.abuse.ch/ioc/1943271/
2026-09-29 22:44:02,php.shin_webshell,domain,467elita.workers.dev,#Cloudflare #gif #PHP #webshell #WordPress #workers.dev #wp-admin,https://threatfox.abuse.ch/ioc/1942175/
2026-09-30 11:19:18,ClearFake,domain,4twellnesshub.co.tz,#compromised #etherhide,https://threatfox.abuse.ch/ioc/1942853/
2026-09-30 19:40:24,ClearFake,domain,6cbfarwv.telizant.com,#ClearFake #mac-0x76c7 #macOS,https://threatfox.abuse.ch/ioc/1943228/
2026-09-29 22:38:58,php.shin_webshell,domain,7801sensible.workers.dev,#Cloudflare #gif #PHP #webshell #WordPress #workers.dev #wp-admin,https://threatfox.abuse.ch/ioc/1942174/
2026-09-30 18:04:55,Remcos,domain,789win11.org,#remcos,https://threatfox.abuse.ch/ioc/1943084/
2026-09-30 18:04:55,Remcos,domain,8kbet.fitness,#remcos,https://threatfox.abuse.ch/ioc/1943085/
2026-09-30 18:04:55,Remcos,domain,8kbet.salon,#remcos,https://threatfox.abuse.ch/ioc/1943086/
2026-09-30 18:04:55,Remcos,domain,8kbeta5.com,#remcos,https://threatfox.abuse.ch/ioc/1943087/
2026-09-30 18:04:55,Remcos,domain,8kbeting1.com,#remcos,https://threatfox.abuse.ch/ioc/1943088/
2026-09-30 18:04:55,Remcos,domain,8kbetn.net,#remcos,https://threatfox.abuse.ch/ioc/1943089/
2026-09-30 18:04:55,Remcos,domain,8kbetpro.live,#remcos,https://threatfox.abuse.ch/ioc/1943090/
2026-09-30 18:04:55,Remcos,domain,8kbett.hair,#remcos,https://threatfox.abuse.ch/ioc/1943091/
2026-09-30 18:04:55,Remcos,domain,8kbett.icu,#remcos,https://threatfox.abuse.ch/ioc/1943092/
2026-09-30 18:04:55,Remcos,domain,8kbett.one,#remcos,https://threatfox.abuse.ch/ioc/1943093/
2026-09-30 18:04:55,Remcos,domain,8kbett.shop,#remcos,https://threatfox.abuse.ch/ioc/1943094/
2026-09-30 18:04:55,Remcos,domain,8kbetvvip.com,#remcos,https://threatfox.abuse.ch/ioc/1943095/
2026-09-30 14:40:36,ClearFake,domain,9dg185kq.sensa138var.com,#ClearFake #mac-0xdcf2 #macOS,https://threatfox.abuse.ch/ioc/1942933/
2026-09-30 00:15:52,ClearFake,domain,a-sam-design.com,#compromised #etherhide,https://threatfox.abuse.ch/ioc/1942242/
2026-09-30 18:04:55,Remcos,domain,a54a31ac-4977.duckdns.org,#remcos,https://threatfox.abuse.ch/ioc/1943096/
2026-09-29 23:24:29,ClearFake,domain,abbaproyectosca.com,#compromised #etherhide,https://threatfox.abuse.ch/ioc/1942214/
2026-09-30 14:49:41,Vidar,domain,accs.msdos.ru,,https://threatfox.abuse.ch/ioc/1942919/
2026-09-30 12:09:23,ClearFake,domain,accucal.ae,#compromised #etherhide,https://threatfox.abuse.ch/ioc/1942870/
2026-09-29 23:24:28,ClearFake,domain,adamgant.net,#compromised #etherhide,https://threatfox.abuse.ch/ioc/1942211/
2026-09-29 23:14:21,ClearFake,domain,adrian-dubiel.com,#compromised #etherhide,https://threatfox.abuse.ch/ioc/1942194/
2026-09-29 23:14:21,ClearFake,domain,adriandubiel.press,#compromised #etherhide,https://threatfox.abuse.ch/ioc/1942193/
2026-09-29 23:14:20,ClearFake,domain,advensystem.lu,#compromised #etherhide,https://threatfox.abuse.ch/ioc/1942192/
2026-09-30 18:04:55,Remcos,domain,ae888hr.vip,#remcos,https://threatfox.abuse.ch/ioc/1943097/
2026-09-30 18:04:55,Remcos,domain,akuwin138.co,#remcos,https://threatfox.abuse.ch/ioc/1943098/
2026-09-29 21:28:52,ClearFake,domain,alicias-beauty.ch,#compromised #etherhide,https://threatfox.abuse.ch/ioc/1942151/
2026-09-29 22:54:17,ClearFake,domain,alpicool.no,#compromised #etherhide,https://threatfox.abuse.ch/ioc/1942185/
2026-09-30 13:18:40,IClickFix,domain,amber-ridge-bruixsioi.pro,#ClickFix,https://threatfox.abuse.ch/ioc/1942904/
2026-09-29 23:24:25,ClearFake,domain,anothershittytravelblog.com,#compromised #etherhide,https://threatfox.abuse.ch/ioc/1942204/
2026-09-30 18:04:55,Remcos,domain,api.tsntxe2.buzz,#remcos,https://threatfox.abuse.ch/ioc/1943099/
2026-09-30 00:15:52,ClearFake,domain,aqiqahku.co.id,#compromised #etherhide,https://threatfox.abuse.ch/ioc/1942244/
2026-09-29 23:14:23,ClearFake,domain,arcworld.de,#compromised #etherhide,https://threatfox.abuse.ch/ioc/1942199/
2026-09-30 00:15:52,ClearFake,domain,ardaas.co.uk,#compromised #etherhide,https://threatfox.abuse.ch/ioc/1942239/
2026-09-30 00:15:51,ClearFake,domain,awatoz.com,#compromised #etherhide,https://threatfox.abuse.ch/ioc/1942234/
2026-09-30 00:15:52,ClearFake,domain,awilddream.com,#compromised #etherhide,https://threatfox.abuse.ch/ioc/1942240/
2026-09-30 19:40:30,ClearFake,domain,b4jy90mg.succeswithpaul.com,#ClearFake #mac-0xdcf2 #macOS,https://threatfox.abuse.ch/ioc/1943229/
2026-09-30 18:04:55,Remcos,domain,backdoor.123but.com,#remcos,https://threatfox.abuse.ch/ioc/1943100/
2026-09-30 18:04:55,Remcos,domain,backdoor.789win11.org,#remcos,https://threatfox.abuse.ch/ioc/1943101/
2026-09-30 18:04:55,Remcos,domain,backdoor.8kbetvvip.com,#remcos,https://threatfox.abuse.ch/ioc/1943102/
2026-09-30 18:04:56,Remcos,domain,backdoor.ae888hr.vip,#remcos,https://threatfox.abuse.ch/ioc/1943103/
2026-09-30 18:04:56,Remcos,domain,backdoor.casino-igrice.me,#remcos,https://threatfox.abuse.ch/ioc/1943104/
2026-09-30 18:04:56,Remcos,domain,backdoor.chengzhi888.co,#remcos,https://threatfox.abuse.ch/ioc/1943105/
2026-09-30 18:04:56,Remcos,domain,backdoor.go8go.net,#remcos,https://threatfox.abuse.ch/ioc/1943106/
2026-09-30 18:04:56,Remcos,domain,backdoor.hi88.chat,#remcos,https://threatfox.abuse.ch/ioc/1943107/
2026-09-30 18:04:56,Remcos,domain,backdoor.hi88com.biz,#remcos,https://threatfox.abuse.ch/ioc/1943108/
2026-09-30 18:04:56,Remcos,domain,backdoor.mb66u.cfd,#remcos,https://threatfox.abuse.ch/ioc/1943109/
2026-09-30 18:04:56,Remcos,domain,backdoor.photo-chronicles.com,#remcos,https://threatfox.abuse.ch/ioc/1943110/
2026-09-30 18:04:56,Remcos,domain,backdoor.tsntxe2.buzz,#remcos,https://threatfox.abuse.ch/ioc/1943111/
2026-09-30 18:04:56,Remcos,domain,backdoor.uu88.cat,#remcos,https://threatfox.abuse.ch/ioc/1943112/
2026-09-30 18:04:56,Remcos,domain,backdoor.uu88.ong,#remcos,https://threatfox.abuse.ch/ioc/1943113/
2026-09-30 18:04:56,Remcos,domain,backdoor.xoso66a.blue,#remcos,https://threatfox.abuse.ch/ioc/1943114/
2026-09-30 18:04:56,Remcos,domain,backdoor.xoso66vv.com,#remcos,https://threatfox.abuse.ch/ioc/1943115/
2026-09-30 18:04:56,Remcos,domain,backdoor.yes-original.co,#remcos,https://threatfox.abuse.ch/ioc/1943116/
2026-09-29 23:14:22,ClearFake,domain,bcsfab.com,#compromised #etherhide,https://threatfox.abuse.ch/ioc/1942196/
2026-09-30 17:14:27,FAKEUPDATES,domain,beacon.kraynov.org,#SocGholish,https://infosec.exchange/@monitorsg/117361110960539069
2026-09-30 00:15:51,ClearFake,domain,beanblissltd.com,#compromised #etherhide,https://threatfox.abuse.ch/ioc/1942236/
2026-09-29 23:24:27,ClearFake,domain,beautylabosielsko.pl,#compromised #etherhide,https://threatfox.abuse.ch/ioc/1942210/
2026-09-30 18:04:56,Remcos,domain,belizenaturalenergy.bz,#remcos,https://threatfox.abuse.ch/ioc/1943117/
2026-09-30 04:52:22,php.shin_webshell,domain,beravejy.workers.dev,#Cloudflare #gif #PHP #webshell #WordPress #workers.dev #wp-admin,https://threatfox.abuse.ch/ioc/1942644/
2026-09-30 12:33:06,ClearFake,domain,bgnl5f6q.sukalihatpantai.com,#ClearFake #mac-0x0f14 #macOS,https://threatfox.abuse.ch/ioc/1942889/
2026-09-29 22:54:16,ClearFake,domain,birumut.org,#compromised #etherhide,https://threatfox.abuse.ch/ioc/1942183/
2026-09-30 18:04:56,Remcos,domain,bj88.li,#remcos,https://threatfox.abuse.ch/ioc/1943118/
2026-09-29 23:24:29,ClearFake,domain,bluroofing.com,#compromised #etherhide,https://threatfox.abuse.ch/ioc/1942213/
2026-09-30 05:49:21,Unknown RAT,domain,bomboclat.sbs,#IRAHook #RAT #stealer,https://threatfox.abuse.ch/ioc/1942260/
2026-09-30 00:15:51,ClearFake,domain,bossforward.org,#compromised #etherhide,https://threatfox.abuse.ch/ioc/1942238/
2026-09-30 00:15:52,ClearFake,domain,bramptoncommercialkitchen.com,#compromised #etherhide,https://threatfox.abuse.ch/ioc/1942241/
2026-09-30 16:46:35,AsyncRAT,domain,brienzo.ch,#asyncrat,https://threatfox.abuse.ch/ioc/1942997/
2026-09-30 11:04:12,IClickFix,domain,browscheck.codes,#ClickFix,https://threatfox.abuse.ch/ioc/1942839/
2026-09-29 23:24:26,ClearFake,domain,c2-products.com,#compromised #etherhide,https://threatfox.abuse.ch/ioc/1942207/
2026-09-30 18:04:56,Remcos,domain,c2.8kbetvvip.com,#remcos,https://threatfox.abuse.ch/ioc/1943119/
2026-09-30 18:04:56,Remcos,domain,c2.bj88.li,#remcos,https://threatfox.abuse.ch/ioc/1943120/
2026-09-30 18:04:56,Remcos,domain,c2.tsntxe2.buzz,#remcos,https://threatfox.abuse.ch/ioc/1943121/
2026-09-29 23:24:27,ClearFake,domain,candcins.com,#compromised #etherhide,https://threatfox.abuse.ch/ioc/1942208/
2026-09-29 23:14:22,ClearFake,domain,careycustomhomes.com,#compromised #etherhide,https://threatfox.abuse.ch/ioc/1942195/
2026-09-30 00:15:52,ClearFake,domain,casadastelegram.com,#compromised #etherhide,https://threatfox.abuse.ch/ioc/1942243/
2026-09-30 18:04:56,Remcos,domain,casino-igrice.me,#remcos,https://threatfox.abuse.ch/ioc/1943122/
2026-09-29 22:54:17,ClearFake,domain,cenexmedical.com,#compromised #etherhide,https://threatfox.abuse.ch/ioc/1942184/
2026-09-30 00:15:51,ClearFake,domain,centralizedconsultingllc.com,#compromised #etherhide,https://threatfox.abuse.ch/ioc/1942235/
2026-09-30 16:46:35,AsyncRAT,domain,changeclub.co,#asyncrat,https://threatfox.abuse.ch/ioc/1942998/
2026-09-29 23:14:23,ClearFake,domain,chardikalaempowerment.com,#compromised #etherhide,https://threatfox.abuse.ch/ioc/1942200/
2026-09-30 18:04:57,Remcos,domain,chengzhi888.co,#remcos,https://threatfox.abuse.ch/ioc/1943123/
2026-09-29 23:24:28,ClearFake,domain,chestnutgrovecapital.com,#compromised #etherhide,https://threatfox.abuse.ch/ioc/1942212/
2026-09-30 17:06:43,Unknown malware,domain,claudedevz.net,#ClickFix,https://www.clickfixed.uk/intel/17840
2026-09-30 18:04:57,Remcos,domain,cnbbs8.net,#remcos,https://threatfox.abuse.ch/ioc/1943124/
2026-09-30 06:42:51,ACR Stealer,domain,cobaltwave.cc,#ACRStealer,https://threatfox.abuse.ch/ioc/1942723/
2026-09-29 23:14:22,ClearFake,domain,cobra-studio.co.il,#compromised #etherhide,https://threatfox.abuse.ch/ioc/1942198/
2026-09-30 00:15:51,ClearFake,domain,coderockets.academy,#compromised #etherhide,https://threatfox.abuse.ch/ioc/1942237/
2026-09-30 12:49:29,ClearFake,domain,cognitiveenhancementcentre.ch,#compromised #etherhide,https://threatfox.abuse.ch/ioc/1942897/
2026-09-30 06:42:52,ACR Stealer,domain,copperfern.cc,#ACRStealer,https://threatfox.abuse.ch/ioc/1942724/
2026-09-29 23:04:19,ClearFake,domain,coreabilitycare.org,#compromised #etherhide,https://threatfox.abuse.ch/ioc/1942190/
2026-09-30 11:34:32,php.shin_webshell,domain,covypiha.workers.dev,#Cloudflare #gif #PHP #webshell #WordPress #workers.dev #wp-admin,https://threatfox.abuse.ch/ioc/1942855/
2026-09-29 23:14:24,ClearFake,domain,craftedcollector.com,#compromised #etherhide,https://threatfox.abuse.ch/ioc/1942202/
2026-09-30 00:15:53,ClearFake,domain,cuevasruraleseldescanso.es,#compromised #etherhide,https://threatfox.abuse.ch/ioc/1942245/
2026-09-29 23:14:23,ClearFake,domain,customguitarbuilder.com,#compromised #etherhide,https://threatfox.abuse.ch/ioc/1942201/
2026-09-29 22:54:16,ClearFake,domain,cuxgarten.de,#compromised #etherhide,https://threatfox.abuse.ch/ioc/1942182/
2026-09-30 19:22:21,php.shin_webshell,domain,cynyfuxi.workers.dev,#Cloudflare #gif #PHP #webshell #WordPress #workers.dev #wp-admin,https://threatfox.abuse.ch/ioc/1943210/
2026-09-29 23:04:18,ClearFake,domain,daggalma.com,#compromised #etherhide,https://threatfox.abuse.ch/ioc/1942189/
2026-09-29 23:24:26,ClearFake,domain,ddebeni.edu.bo,#compromised #etherhide,https://threatfox.abuse.ch/ioc/1942206/
2026-09-29 23:14:22,ClearFake,domain,ddhadvisory.com,#compromised #etherhide,https://threatfox.abuse.ch/ioc/1942197/
2026-09-30 18:04:57,Remcos,domain,demenslot.vip,#remcos,https://threatfox.abuse.ch/ioc/1943125/
2026-09-30 00:15:54,ClearFake,domain,demsystem.org,#compromised #etherhide,https://threatfox.abuse.ch/ioc/1942255/
2026-09-30 00:56:06,ClearFake,domain,deutsche-solar-boerse.de,#compromised #etherhide,https://threatfox.abuse.ch/ioc/1942294/
2026-09-30 00:56:04,ClearFake,domain,digiconf.hu,#compromised #etherhide,https://threatfox.abuse.ch/ioc/1942286/
2026-09-30 00:15:54,ClearFake,domain,digitalarise.com,#compromised #etherhide,https://threatfox.abuse.ch/ioc/1942254/
2026-09-30 00:20:55,ClearFake,domain,digmorewells.com,#compromised #etherhide,https://threatfox.abuse.ch/ioc/1942259/
2026-09-30 00:15:53,ClearFake,domain,diplo-mover.com,#compromised #etherhide,https://threatfox.abuse.ch/ioc/1942250/
2026-09-30 00:15:54,ClearFake,domain,discoverfriuli.com,#compromised #etherhide,https://threatfox.abuse.ch/ioc/1942253/
2026-09-30 00:15:53,ClearFake,domain,discoveryourmoneypersonality.com,#compromised #etherhide,https://threatfox.abuse.ch/ioc/1942251/
2026-09-30 00:56:04,ClearFake,domain,dmac.in,#compromised #etherhide,https://threatfox.abuse.ch/ioc/1942283/
2026-09-30 00:15:53,ClearFake,domain,donnahale.com,#compromised #etherhide,https://threatfox.abuse.ch/ioc/1942246/
2026-09-30 02:02:26,ClearFake,domain,draget.nu,#compromised #etherhide,https://threatfox.abuse.ch/ioc/1942326/
2026-09-30 00:56:06,ClearFake,domain,dramaacool.se,#compromised #etherhide,https://threatfox.abuse.ch/ioc/1942296/
2026-09-30 06:42:52,ACR Stealer,domain,duskrunner.cc,#ACRStealer,https://threatfox.abuse.ch/ioc/1942725/
2026-09-30 02:02:28,ClearFake,domain,dustyfoxwindowcleaning.com,#compromised #etherhide,https://threatfox.abuse.ch/ioc/1942334/
2026-09-29 23:41:02,ClearFake,domain,dy0iwfp0.privateautomation.com,#ClearFake #mac-0x76c7 #macOS,https://threatfox.abuse.ch/ioc/1942220/
2026-09-29 21:23:49,ClearFake,domain,eaglewinggulf.com,#compromised #etherhide,https://threatfox.abuse.ch/ioc/1942150/
2026-09-30 03:07:58,ClearFake,domain,eclipseelectricalsllc.com,#compromised #etherhide,https://threatfox.abuse.ch/ioc/1942534/
2026-09-30 02:02:26,ClearFake,domain,econergia.tec.br,#compromised #etherhide,https://threatfox.abuse.ch/ioc/1942323/
2026-09-30 02:02:27,ClearFake,domain,eddiesready.com,#compromised #etherhide,https://threatfox.abuse.ch/ioc/1942332/
2026-09-30 00:56:07,ClearFake,domain,edenresources.com,#compromised #etherhide,https://threatfox.abuse.ch/ioc/1942299/
2026-09-30 02:02:26,ClearFake,domain,edufeeds.site,#compromised #etherhide,https://threatfox.abuse.ch/ioc/1942324/
2026-09-30 03:07:58,ClearFake,domain,entresenderos.com,#compromised #etherhide,https://threatfox.abuse.ch/ioc/1942532/
2026-09-30 02:02:28,ClearFake,domain,envct.com,#compromised #etherhide,https://threatfox.abuse.ch/ioc/1942335/
2026-09-30 02:02:27,ClearFake,domain,epikchicken.com,#compromised #etherhide,https://threatfox.abuse.ch/ioc/1942331/
2026-09-30 16:46:35,AsyncRAT,domain,f8bet.art,#asyncrat,https://threatfox.abuse.ch/ioc/1942999/
2026-09-30 16:50:28,Quasar RAT,domain,fb88dangnhap.in,#QuasarRAT,https://threatfox.abuse.ch/ioc/1943024/
2026-09-30 02:02:27,ClearFake,domain,fbxmedical.com,#compromised #etherhide,https://threatfox.abuse.ch/ioc/1942328/
2026-09-30 16:46:35,AsyncRAT,domain,feliciachang.me,#asyncrat,https://threatfox.abuse.ch/ioc/1943000/
2026-09-30 02:02:25,ClearFake,domain,fggcbajoga.sch.ng,#compromised #etherhide,https://threatfox.abuse.ch/ioc/1942321/
2026-09-30 16:46:35,AsyncRAT,domain,fifa12bet.com,#asyncrat,https://threatfox.abuse.ch/ioc/1943001/
2026-09-30 16:46:35,AsyncRAT,domain,fifa2018worldcup.co,#asyncrat,https://threatfox.abuse.ch/ioc/1943002/
2026-09-30 18:04:57,Remcos,domain,fifa55poipet.pro,#remcos,https://threatfox.abuse.ch/ioc/1943126/
2026-09-30 02:02:24,ClearFake,domain,floraswinebar.com,#compromised #etherhide,https://threatfox.abuse.ch/ioc/1942316/
2026-09-30 09:29:05,ClearFake,domain,foremost-financial.co.uk,#compromised #etherhide,https://threatfox.abuse.ch/ioc/1942776/
2026-09-30 00:56:05,ClearFake,domain,forwardphysiopt.com,#compromised #etherhide,https://threatfox.abuse.ch/ioc/1942287/
2026-09-29 22:19:11,Unknown malware,domain,frameworkservice.online,#ClickFix #compromised,https://threatfox.abuse.ch/ioc/1942173/
2026-09-30 02:02:26,ClearFake,domain,friebe-elektrotechnik.de,#compromised #etherhide,https://threatfox.abuse.ch/ioc/1942322/
2026-09-30 16:46:35,AsyncRAT,domain,fun88.wien,#asyncrat,https://threatfox.abuse.ch/ioc/1943003/
2026-09-29 21:23:47,ClearFake,domain,galaxyau.ai,#compromised #etherhide,https://threatfox.abuse.ch/ioc/1942143/
2026-09-30 04:12:09,ClearFake,domain,galaxyau.asia,#compromised #etherhide,https://threatfox.abuse.ch/ioc/1942593/
2026-09-30 04:12:08,ClearFake,domain,galaxyau.biz,#compromised #etherhide,https://threatfox.abuse.ch/ioc/1942590/
2026-09-30 04:12:09,ClearFake,domain,galaxyaus.com,#compromised #etherhide,https://threatfox.abuse.ch/ioc/1942592/
2026-09-30 04:12:09,ClearFake,domain,galaxyaus.online,#compromised #etherhide,https://threatfox.abuse.ch/ioc/1942591/
2026-09-30 00:56:05,ClearFake,domain,globalhomesolutionsandsupply.com,#compromised #etherhide,https://threatfox.abuse.ch/ioc/1942288/
2026-09-30 18:04:57,Remcos,domain,go8go.net,#remcos,https://threatfox.abuse.ch/ioc/1943127/
2026-09-30 02:02:25,ClearFake,domain,gob.sahuayomich.gob.mx,#compromised #etherhide,https://threatfox.abuse.ch/ioc/1942320/
2026-09-30 20:35:02,Nanocore RAT,domain,gp68.me,#NanoCore,https://threatfox.abuse.ch/ioc/1943263/
2026-09-30 16:46:35,AsyncRAT,domain,grandefete.in,#asyncrat,https://threatfox.abuse.ch/ioc/1943004/
2026-09-30 02:02:28,ClearFake,domain,guncelmekanik.com,#compromised #etherhide,https://threatfox.abuse.ch/ioc/1942333/
2026-09-29 23:38:32,ClearFake,domain,h1aqjs00.roxymigurdia.wiki,#ClearFake #mac-0xdcf2 #macOS,https://threatfox.abuse.ch/ioc/1942219/
2026-09-30 03:07:58,ClearFake,domain,hafizhost.online,#compromised #etherhide,https://threatfox.abuse.ch/ioc/1942533/
2026-09-30 06:30:09,ClearFake,domain,hahah1101.mom,#ClearFake #ClickFix #etherhiding,https://threatfox.abuse.ch/ioc/1942720/
2026-09-30 02:02:27,ClearFake,domain,heartandvascularimaging.com,#compromised #etherhide,https://threatfox.abuse.ch/ioc/1942329/
2026-09-30 14:04:35,ClearFake,domain,hello-world-tight-pine-ffda.2383949297.workers.dev,#compromised #etherhide,https://threatfox.abuse.ch/ioc/1942923/
2026-09-30 04:18:34,SnappyClient,domain,hersosi228.com,#SnappyClient,https://bazaar.abuse.ch/sample/9ca59743ead4568f3c5e44613e3841d0d5c1dcd19bff9b66d126c72e61a564f9/
2026-09-30 16:45:01,ClearFake,domain,hlt4n0xl.sylphiette.baby,#ClearFake #mac-0x0f14 #macOS,https://threatfox.abuse.ch/ioc/1942983/
2026-09-30 16:46:35,AsyncRAT,domain,hoiquantv2.online,#asyncrat,https://threatfox.abuse.ch/ioc/1943005/
2026-09-30 16:46:35,AsyncRAT,domain,hoiquantv2.site,#asyncrat,https://threatfox.abuse.ch/ioc/1943006/
2026-09-30 19:12:37,php.shin_webshell,domain,hosylumu.workers.dev,#Cloudflare #gif #PHP #webshell #WordPress #workers.dev #wp-admin,https://threatfox.abuse.ch/ioc/1943207/
2026-09-30 00:56:05,ClearFake,domain,hotmess2hotness.com,#compromised #etherhide,https://threatfox.abuse.ch/ioc/1942290/
2026-09-30 20:35:02,Nanocore RAT,domain,html6.io,#NanoCore,https://threatfox.abuse.ch/ioc/1943264/
2026-09-30 16:59:35,ClearFake,domain,hugg1ngvx.top,#ClearFake #ClickFix #etherhiding,https://threatfox.abuse.ch/ioc/1943029/
2026-09-30 02:02:25,ClearFake,domain,implica2.es,#compromised #etherhide,https://threatfox.abuse.ch/ioc/1942317/
2026-09-30 00:56:07,ClearFake,domain,impressionist.ca,#compromised #etherhide,https://threatfox.abuse.ch/ioc/1942298/
2026-09-30 00:56:06,ClearFake,domain,inform.company,#compromised #etherhide,https://threatfox.abuse.ch/ioc/1942295/
2026-09-30 08:09:57,Unknown Loader,domain,inkact.xyz,#OffLoader,https://threatfox.abuse.ch/ioc/1942760/
2026-09-30 00:56:05,ClearFake,domain,insightsevents.com,#compromised #etherhide,https://threatfox.abuse.ch/ioc/1942289/
2026-09-30 04:11:08,ClearFake,domain,iqlj4q4v.kaarenorge.com,#ClearFake #mac-0x0f14 #macOS,https://threatfox.abuse.ch/ioc/1942586/
2026-09-30 00:56:06,ClearFake,domain,iqraquranacademy.com.pk,#compromised #etherhide,https://threatfox.abuse.ch/ioc/1942293/
2026-09-30 14:49:41,Vidar,domain,iso.v-panel.asia,,https://threatfox.abuse.ch/ioc/1942917/
2026-09-30 18:04:57,Remcos,domain,j88.melbourne,#remcos,https://threatfox.abuse.ch/ioc/1943128/
2026-09-30 18:04:57,Remcos,domain,j88slot9.org,#remcos,https://threatfox.abuse.ch/ioc/1943129/
2026-09-30 02:02:25,ClearFake,domain,jamescatledge.com,#compromised #etherhide,https://threatfox.abuse.ch/ioc/1942318/
2026-09-30 15:27:02,php.shin_webshell,domain,jawokugy.workers.dev,#Cloudflare #gif #PHP #webshell #WordPress #workers.dev #wp-admin,https://threatfox.abuse.ch/ioc/1942947/
2026-09-30 02:02:26,ClearFake,domain,jazzwiresummit.com,#compromised #etherhide,https://threatfox.abuse.ch/ioc/1942325/
2026-09-30 02:02:27,ClearFake,domain,jembyte.com,#compromised #etherhide,https://threatfox.abuse.ch/ioc/1942330/
2026-09-30 02:02:25,ClearFake,domain,jenmd.com,#compromised #etherhide,https://threatfox.abuse.ch/ioc/1942319/
2026-09-30 08:21:31,ClearFake,domain,jyqao0zu.pattysole.com,#ClearFake #mac-0x0f14 #macOS,https://threatfox.abuse.ch/ioc/1942764/
2026-09-30 02:02:27,ClearFake,domain,karapuragro.com,#compromised #etherhide,https://threatfox.abuse.ch/ioc/1942327/
2026-09-30 00:56:07,ClearFake,domain,keatinginvestment.com,#compromised #etherhide,https://threatfox.abuse.ch/ioc/1942297/
2026-09-30 19:19:06,Quasar RAT,domain,kekmannetje.ddns.net,#QuasarRAT,https://threatfox.abuse.ch/ioc/1943209/
2026-09-30 04:40:33,ClearFake,domain,kh2xtohh.rudeusgreyrat.my,#ClearFake #mac-0xdcf2 #macOS,https://threatfox.abuse.ch/ioc/1942638/
2026-09-30 03:07:58,ClearFake,domain,kimiayehonar.com,#compromised #etherhide,https://threatfox.abuse.ch/ioc/1942531/
2026-09-30 03:31:56,ClearFake,domain,klwindows.ie,#compromised #etherhide,https://threatfox.abuse.ch/ioc/1942563/
2026-09-30 03:31:55,ClearFake,domain,knmdev.com,#compromised #etherhide,https://threatfox.abuse.ch/ioc/1942557/
2026-09-30 03:07:59,ClearFake,domain,kohmaknoi.com,#compromised #etherhide,https://threatfox.abuse.ch/ioc/1942539/
2026-09-30 03:08:00,ClearFake,domain,kopecky.family,#compromised #etherhide,https://threatfox.abuse.ch/ioc/1942544/
2026-09-30 13:30:21,php.shin_webshell,domain,kopymigy.workers.dev,#Cloudflare #gif #PHP #webshell #WordPress #workers.dev #wp-admin,https://threatfox.abuse.ch/ioc/1942910/
2026-09-30 18:04:57,Remcos,domain,kupiha.top,#remcos,https://threatfox.abuse.ch/ioc/1943130/
2026-09-30 00:04:09,ClearFake,domain,kwwen7ef.imzural.info,#ClearFake #mac-0x0f14 #macOS,https://threatfox.abuse.ch/ioc/1942230/
2026-09-30 03:31:58,ClearFake,domain,lakatoslegal.com,#compromised #etherhide,https://threatfox.abuse.ch/ioc/1942574/
2026-09-30 06:42:52,ACR Stealer,domain,lanternglow.cc,#ACRStealer,https://threatfox.abuse.ch/ioc/1942726/
2026-09-30 06:40:49,php.shin_webshell,domain,levula.workers.dev,#Cloudflare #gif #PHP #webshell #WordPress #workers.dev #wp-admin,https://threatfox.abuse.ch/ioc/1942722/
2026-09-30 03:31:57,ClearFake,domain,lgcleanpro.vn,#compromised #etherhide,https://threatfox.abuse.ch/ioc/1942570/
2026-09-30 03:08:01,ClearFake,domain,lianebastos.com,#compromised #etherhide,https://threatfox.abuse.ch/ioc/1942553/
2026-09-30 03:08:01,ClearFake,domain,lipfa.lt,#compromised #etherhide,https://threatfox.abuse.ch/ioc/1942552/
2026-09-30 03:31:56,ClearFake,domain,little-bird-1-wing.com,#compromised #etherhide,https://threatfox.abuse.ch/ioc/1942561/
2026-09-30 19:40:48,Vidar,domain,lo.332toto.net,#Vidar,https://threatfox.abuse.ch/ioc/1943230/
2026-09-30 19:45:48,Vidar,domain,lo.369jk.org,#Vidar,https://threatfox.abuse.ch/ioc/1943245/
2026-09-30 03:08:01,ClearFake,domain,loandirect.us,#compromised #etherhide,https://threatfox.abuse.ch/ioc/1942550/
2026-09-30 02:42:57,php.shin_webshell,domain,logefanu.workers.dev,#Cloudflare #gif #PHP #webshell #WordPress #workers.dev #wp-admin,https://threatfox.abuse.ch/ioc/1942342/
2026-09-30 03:07:59,ClearFake,domain,logosignshop.com,#compromised #etherhide,https://threatfox.abuse.ch/ioc/1942541/
2026-09-30 18:04:57,Remcos,domain,loveletterer.co,#remcos,https://threatfox.abuse.ch/ioc/1943131/
2026-09-30 17:18:52,php.shin_webshell,domain,lumejyly.workers.dev,#Cloudflare #gif #PHP #webshell #WordPress #workers.dev #wp-admin,https://threatfox.abuse.ch/ioc/1943048/
2026-09-29 21:12:44,IClickFix,domain,lunar-arc-birch-caum.icu,#ClickFix #Mac #MacFinger,https://threatfox.abuse.ch/ioc/1942140/
2026-09-30 03:08:00,ClearFake,domain,maelconsulting.com,#compromised #etherhide,https://threatfox.abuse.ch/ioc/1942547/
2026-09-30 04:12:08,ClearFake,domain,malerealitycalc.com,#compromised #etherhide,https://threatfox.abuse.ch/ioc/1942589/
2026-09-30 18:04:57,Remcos,domain,malware.19slotwallet.co,#remcos,https://threatfox.abuse.ch/ioc/1943132/
2026-09-30 18:04:57,Remcos,domain,malware.belizenaturalenergy.bz,#remcos,https://threatfox.abuse.ch/ioc/1943133/
2026-09-30 18:04:57,Remcos,domain,malware.bj88.li,#remcos,https://threatfox.abuse.ch/ioc/1943134/
2026-09-30 20:35:02,Nanocore RAT,domain,malware.gp68.me,#NanoCore,https://threatfox.abuse.ch/ioc/1943265/
2026-09-30 20:35:02,Nanocore RAT,domain,malware.simplyodoo.me,#NanoCore,https://threatfox.abuse.ch/ioc/1943266/
2026-09-30 03:07:59,ClearFake,domain,massageformula.com,#compromised #etherhide,https://threatfox.abuse.ch/ioc/1942542/
2026-09-30 09:30:27,AsyncRAT,domain,masterconstrucciones.com.co,#asyncrat,https://bazaar.abuse.ch/sample/82de6fd1c04c38120096829a23bfe9ed67089b60f46bfa73c88464b5e32210c8/
2026-09-30 03:07:59,ClearFake,domain,masterminddaycare.com,#compromised #etherhide,https://threatfox.abuse.ch/ioc/1942536/
2026-09-30 16:46:35,AsyncRAT,domain,mb-661.online,#asyncrat,https://threatfox.abuse.ch/ioc/1943007/
2026-09-30 16:50:28,Quasar RAT,domain,mb66.kids,#QuasarRAT,https://threatfox.abuse.ch/ioc/1943025/
2026-09-30 18:04:57,Remcos,domain,mb66u.cfd,#remcos,https://threatfox.abuse.ch/ioc/1943135/
2026-09-30 03:31:57,ClearFake,domain,mcallendermatologist.com,#compromised #etherhide,https://threatfox.abuse.ch/ioc/1942566/
2026-09-30 03:08:00,ClearFake,domain,mcdaniel-schouten.com,#compromised #etherhide,https://threatfox.abuse.ch/ioc/1942545/
2026-09-30 03:07:59,ClearFake,domain,mesquiterenovations.com,#compromised #etherhide,https://threatfox.abuse.ch/ioc/1942538/
2026-09-29 21:23:48,ClearFake,domain,mg.fastanswerinc.club,#compromised #etherhide,https://threatfox.abuse.ch/ioc/1942145/
2026-09-30 03:07:59,ClearFake,domain,mgzenterprises.com,#compromised #etherhide,https://threatfox.abuse.ch/ioc/1942540/
2026-09-30 18:04:57,Remcos,domain,midox.co,#remcos,https://threatfox.abuse.ch/ioc/1943136/
2026-09-30 03:08:00,ClearFake,domain,mnfinancialsolutions.com,#compromised #etherhide,https://threatfox.abuse.ch/ioc/1942548/
2026-09-30 03:31:58,ClearFake,domain,mosobag.ir,#compromised #etherhide,https://threatfox.abuse.ch/ioc/1942573/
2026-09-30 06:42:52,ACR Stealer,domain,mosswood.cc,#ACRStealer,https://threatfox.abuse.ch/ioc/1942727/
2026-09-29 22:14:08,ClearFake,domain,motherload.me,#compromised #etherhide,https://threatfox.abuse.ch/ioc/1942170/
2026-09-30 16:46:36,AsyncRAT,domain,mu886.pizza,#asyncrat,https://threatfox.abuse.ch/ioc/1943008/
2026-09-30 16:46:36,AsyncRAT,domain,mu88trangchu.online,#asyncrat,https://threatfox.abuse.ch/ioc/1943009/
2026-09-30 16:46:36,AsyncRAT,domain,mu88vn.guru,#asyncrat,https://threatfox.abuse.ch/ioc/1943010/
2026-09-30 03:31:55,ClearFake,domain,mulgrewsfoodhall.com,#compromised #etherhide,https://threatfox.abuse.ch/ioc/1942556/
2026-09-30 03:31:58,ClearFake,domain,mundonerdanimes.com,#compromised #etherhide,https://threatfox.abuse.ch/ioc/1942571/
2026-09-30 03:07:59,ClearFake,domain,myhourglassproject.com,#compromised #etherhide,https://threatfox.abuse.ch/ioc/1942537/
2026-09-30 03:07:58,ClearFake,domain,nanabread.net,#compromised #etherhide,https://threatfox.abuse.ch/ioc/1942535/
2026-09-30 03:31:56,ClearFake,domain,naturallyouman.com,#compromised #etherhide,https://threatfox.abuse.ch/ioc/1942562/
2026-09-30 03:31:58,ClearFake,domain,navigategrowth.in,#compromised #etherhide,https://threatfox.abuse.ch/ioc/1942572/
2026-09-30 03:08:01,ClearFake,domain,ndpcleaning.com,#compromised #etherhide,https://threatfox.abuse.ch/ioc/1942551/
2026-09-30 04:12:08,ClearFake,domain,nexoroconnect.com,#compromised #etherhide,https://threatfox.abuse.ch/ioc/1942587/
2026-09-30 06:27:52,ClearFake,domain,nghkijtlwqog.id.wasmer.app,#compromised #etherhide,https://threatfox.abuse.ch/ioc/1942718/
2026-09-30 03:31:57,ClearFake,domain,ninesgroup.com,#compromised #etherhide,https://threatfox.abuse.ch/ioc/1942568/
2026-09-30 14:37:57,ClearFake,domain,nttdt2uz.teescleaning.com,#ClearFake #mac-0x76c7 #macOS,https://threatfox.abuse.ch/ioc/1942932/
2026-09-30 03:31:55,ClearFake,domain,nuevoboadilla.com,#compromised #etherhide,https://threatfox.abuse.ch/ioc/1942558/
2026-09-30 04:12:10,ClearFake,domain,nupurmineral.com,#compromised #etherhide,https://threatfox.abuse.ch/ioc/1942601/
2026-09-30 04:12:09,ClearFake,domain,nyclawexperts.com,#compromised #etherhide,https://threatfox.abuse.ch/ioc/1942594/
2026-09-30 04:12:10,ClearFake,domain,oceanmedispa.com,#compromised #etherhide,https://threatfox.abuse.ch/ioc/1942602/
2026-09-29 21:23:48,ClearFake,domain,oe808fbgbub.preview.infomaniak.website,#compromised #etherhide,https://threatfox.abuse.ch/ioc/1942147/
2026-09-30 04:12:11,ClearFake,domain,olgamathey.com,#compromised #etherhide,https://threatfox.abuse.ch/ioc/1942604/
2026-09-30 04:12:11,ClearFake,domain,onebouncebasketball.org,#compromised #etherhide,https://threatfox.abuse.ch/ioc/1942603/
2026-09-30 03:31:57,ClearFake,domain,onelivinghope.net,#compromised #etherhide,https://threatfox.abuse.ch/ioc/1942567/
2026-09-30 04:17:12,ClearFake,domain,orbis-asset.com,#compromised #etherhide,https://threatfox.abuse.ch/ioc/1942610/
2026-09-30 05:27:32,ClearFake,domain,outdoorlightsoc.com,#compromised #etherhide,https://threatfox.abuse.ch/ioc/1942662/
2026-09-30 04:37:21,ClearFake,domain,pakhshmoghaddam.ir,#compromised #etherhide,https://threatfox.abuse.ch/ioc/1942635/
2026-09-30 06:42:52,ACR Stealer,domain,palefox.cc,#ACRStealer,https://threatfox.abuse.ch/ioc/1942728/
2026-09-30 04:12:11,ClearFake,domain,pangaeaantiques.com,#compromised #etherhide,https://threatfox.abuse.ch/ioc/1942607/
2026-09-30 05:27:32,ClearFake,domain,parsmiamigroup.com,#compromised #etherhide,https://threatfox.abuse.ch/ioc/1942660/
2026-09-30 05:27:32,ClearFake,domain,parsneginalborz.com,#compromised #etherhide,https://threatfox.abuse.ch/ioc/1942658/
2026-09-30 04:37:21,ClearFake,domain,pdscustom.com,#compromised #etherhide,https://threatfox.abuse.ch/ioc/1942631/
2026-09-30 04:37:20,ClearFake,domain,phitospectr.com,#compromised #etherhide,https://threatfox.abuse.ch/ioc/1942627/
2026-09-30 18:04:57,Remcos,domain,photo-chronicles.com,#remcos,https://threatfox.abuse.ch/ioc/1943137/
2026-09-30 06:27:52,ClearFake,domain,pillar3.ch,#compromised #etherhide,https://threatfox.abuse.ch/ioc/1942717/
2026-09-30 13:20:53,php.shin_webshell,domain,poqipi.workers.dev,#Cloudflare #gif #PHP #webshell #WordPress #workers.dev #wp-admin,https://threatfox.abuse.ch/ioc/1942905/
2026-09-30 05:27:32,ClearFake,domain,portretmetverve.com,#compromised #etherhide,https://threatfox.abuse.ch/ioc/1942661/
2026-09-29 23:36:08,ClearFake,domain,privateautomation.com,#ClearFake,https://threatfox.abuse.ch/ioc/1942216/
2026-09-30 05:27:33,ClearFake,domain,pulmonary.ir,#compromised #etherhide,https://threatfox.abuse.ch/ioc/1942665/
2026-09-30 18:04:57,Remcos,domain,pzp3w.pw,#remcos,https://threatfox.abuse.ch/ioc/1943138/
2026-09-30 16:46:36,AsyncRAT,domain,qh88beting.me,#asyncrat,https://threatfox.abuse.ch/ioc/1943011/
2026-09-30 09:39:23,ClearFake,domain,qjpf93vn.roseanne.id,#ClearFake #mac-0x76c7 #macOS,https://threatfox.abuse.ch/ioc/1942785/
2026-09-30 07:36:27,php.shin_webshell,domain,qorigose.workers.dev,#Cloudflare #gif #PHP #webshell #WordPress #workers.dev #wp-admin,https://threatfox.abuse.ch/ioc/1942742/
2026-09-30 06:42:52,ACR Stealer,domain,quietfox.cc,#ACRStealer,https://threatfox.abuse.ch/ioc/1942729/
2026-09-29 21:23:48,ClearFake,domain,rabinpack.com,#compromised #etherhide,https://threatfox.abuse.ch/ioc/1942146/
2026-09-30 05:27:31,ClearFake,domain,ramilio.eng.br,#compromised #etherhide,https://threatfox.abuse.ch/ioc/1942653/
2026-09-30 05:49:47,FAKEUPDATES,domain,ref-api.homefulia.com,#SocGholish,https://infosec.exchange/@monitorsg/117356147534726149
2026-09-30 04:37:20,ClearFake,domain,resumewebinar.net,#compromised #etherhide,https://threatfox.abuse.ch/ioc/1942628/
2026-09-30 04:37:18,ClearFake,domain,rightawaycuttingcoring.com,#compromised #etherhide,https://threatfox.abuse.ch/ioc/1942618/
2026-09-30 05:27:32,ClearFake,domain,rodsarglass.com,#compromised #etherhide,https://threatfox.abuse.ch/ioc/1942659/
2026-09-30 07:42:52,php.shin_webshell,domain,rolity.workers.dev,#Cloudflare #gif #PHP #webshell #WordPress #workers.dev #wp-admin,https://threatfox.abuse.ch/ioc/1942746/
2026-09-30 05:27:33,ClearFake,domain,rufbud.com.au,#compromised #etherhide,https://threatfox.abuse.ch/ioc/1942663/
2026-09-30 04:37:19,ClearFake,domain,saintdiamonds.ca,#compromised #etherhide,https://threatfox.abuse.ch/ioc/1942623/
2026-09-30 04:37:18,ClearFake,domain,salesianivercelli.it,#compromised #etherhide,https://threatfox.abuse.ch/ioc/1942617/
2026-09-30 04:37:21,ClearFake,domain,saltandlightfoundation.net,#compromised #etherhide,https://threatfox.abuse.ch/ioc/1942630/
2026-09-30 05:27:31,ClearFake,domain,sam-group.ir,#compromised #etherhide,https://threatfox.abuse.ch/ioc/1942652/
2026-09-30 04:37:22,ClearFake,domain,saquibasyedmd.com,#compromised #etherhide,https://threatfox.abuse.ch/ioc/1942636/
2026-09-30 05:27:34,ClearFake,domain,sbcapp.ca,#compromised #etherhide,https://threatfox.abuse.ch/ioc/1942669/
2026-09-30 05:27:31,ClearFake,domain,sharonrich.com,#compromised #etherhide,https://threatfox.abuse.ch/ioc/1942655/
2026-09-30 16:46:36,AsyncRAT,domain,shbet8.jp.net,#asyncrat,https://threatfox.abuse.ch/ioc/1943012/
2026-09-30 05:27:32,ClearFake,domain,shihabnotion.com,#compromised #etherhide,https://threatfox.abuse.ch/ioc/1942657/
2026-09-30 05:27:31,ClearFake,domain,shopeverythingfourtwentyfour.com,#compromised #etherhide,https://threatfox.abuse.ch/ioc/1942654/
2026-09-30 16:46:36,AsyncRAT,domain,shopfifa4.com,#asyncrat,https://threatfox.abuse.ch/ioc/1943013/
2026-09-30 04:37:20,ClearFake,domain,siauliaifez.lt,#compromised #etherhide,https://threatfox.abuse.ch/ioc/1942629/
2026-09-30 20:35:02,Nanocore RAT,domain,simplyodoo.me,#NanoCore,https://threatfox.abuse.ch/ioc/1943267/
2026-09-30 04:37:19,ClearFake,domain,siperco.com,#compromised #etherhide,https://threatfox.abuse.ch/ioc/1942624/
2026-09-30 04:37:20,ClearFake,domain,smartbuygh.store,#compromised #etherhide,https://threatfox.abuse.ch/ioc/1942625/
2026-09-30 06:27:52,ClearFake,domain,smokee.ch,#compromised #etherhide,https://threatfox.abuse.ch/ioc/1942719/
2026-09-30 05:27:33,ClearFake,domain,socasualinc.com,#compromised #etherhide,https://threatfox.abuse.ch/ioc/1942667/
2026-09-30 05:27:31,ClearFake,domain,socoby.com,#compromised #etherhide,https://threatfox.abuse.ch/ioc/1942656/
2026-09-30 08:04:31,Unknown malware,domain,sosiska228.net,,https://bazaar.abuse.ch/sample/5b95b1492af328a055ae706c5fe8ddd6961839173aaecfbc3a76433af66ea612/
2026-09-30 04:37:20,ClearFake,domain,soulintelligence.art,#compromised #etherhide,https://threatfox.abuse.ch/ioc/1942626/
2026-09-30 05:37:38,ClearFake,domain,sports-x.com.au,#compromised #etherhide,https://threatfox.abuse.ch/ioc/1942673/
2026-09-30 04:37:19,ClearFake,domain,starkiddoschildcare.com,#compromised #etherhide,https://threatfox.abuse.ch/ioc/1942620/
2026-09-30 04:37:21,ClearFake,domain,strategichealth.info,#compromised #etherhide,https://threatfox.abuse.ch/ioc/1942633/
2026-09-29 21:23:48,ClearFake,domain,sts.ch,#compromised #etherhide,https://threatfox.abuse.ch/ioc/1942144/
2026-09-30 04:37:19,ClearFake,domain,summit-accelerator.com,#compromised #etherhide,https://threatfox.abuse.ch/ioc/1942622/
2026-09-30 10:22:24,SmartApeSG,domain,sunstonekeystone.info,#SmartApeSG,https://threatfox.abuse.ch/ioc/1942816/
2026-09-30 05:27:33,ClearFake,domain,svecindia.in,#compromised #etherhide,https://threatfox.abuse.ch/ioc/1942664/
2026-09-30 04:12:11,ClearFake,domain,svitlolink.com,#compromised #etherhide,https://threatfox.abuse.ch/ioc/1942606/
2026-09-30 04:37:21,ClearFake,domain,tabascosocialmediaforms.com,#compromised #etherhide,https://threatfox.abuse.ch/ioc/1942632/
2026-09-30 04:37:19,ClearFake,domain,tcappliancerepair.com,#compromised #etherhide,https://threatfox.abuse.ch/ioc/1942621/
2026-09-30 14:37:25,ClearFake,domain,teescleaning.com,#ClearFake,https://threatfox.abuse.ch/ioc/1942931/
2026-09-30 05:27:34,ClearFake,domain,telegramsexo.com.br,#compromised #etherhide,https://threatfox.abuse.ch/ioc/1942671/
2026-09-30 19:37:48,ClearFake,domain,telizant.com,#ClearFake,https://threatfox.abuse.ch/ioc/1943211/
2026-09-30 04:37:18,ClearFake,domain,thefarmkitchen.mom,#compromised #etherhide,https://threatfox.abuse.ch/ioc/1942619/
2026-09-30 04:37:21,ClearFake,domain,thegraftband.com,#compromised #etherhide,https://threatfox.abuse.ch/ioc/1942634/
2026-09-30 04:12:11,ClearFake,domain,themarshalltaxgroup.com,#compromised #etherhide,https://threatfox.abuse.ch/ioc/1942605/
2026-09-30 18:04:57,Remcos,domain,themoviezflix.in.net,#remcos,https://threatfox.abuse.ch/ioc/1943139/
2026-09-30 18:04:58,Remcos,domain,thenest.in.net,#remcos,https://threatfox.abuse.ch/ioc/1943140/
2026-09-30 05:27:34,ClearFake,domain,thepositivepsychologist.com,#compromised #etherhide,https://threatfox.abuse.ch/ioc/1942670/
2026-09-30 06:12:43,ClearFake,domain,timeseng.com,#compromised #etherhide,https://threatfox.abuse.ch/ioc/1942686/
2026-09-30 06:12:45,ClearFake,domain,tobeware.it,#compromised #etherhide,https://threatfox.abuse.ch/ioc/1942692/
2026-09-30 05:37:38,ClearFake,domain,tokoakibandung.com,#compromised #etherhide,https://threatfox.abuse.ch/ioc/1942676/
2026-09-30 06:12:46,ClearFake,domain,toorconcrete.com,#compromised #etherhide,https://threatfox.abuse.ch/ioc/1942702/
2026-09-30 18:04:58,Remcos,domain,toplikes.in,#remcos,https://threatfox.abuse.ch/ioc/1943141/
2026-09-30 06:48:13,php.shin_webshell,domain,tpioa51214.workers.dev,#Cloudflare #gif #PHP #webshell #WordPress #workers.dev #wp-admin,https://threatfox.abuse.ch/ioc/1942736/
2026-09-29 21:23:49,ClearFake,domain,travel4u.ch,#compromised #etherhide,https://threatfox.abuse.ch/ioc/1942148/
2026-09-30 05:27:33,ClearFake,domain,trendcapdigital.com,#compromised #etherhide,https://threatfox.abuse.ch/ioc/1942668/
2026-09-30 18:04:58,Remcos,domain,tribalwars.top,#remcos,https://threatfox.abuse.ch/ioc/1943142/
2026-09-30 05:27:33,ClearFake,domain,tripsandtours.com,#compromised #etherhide,https://threatfox.abuse.ch/ioc/1942666/
2026-09-30 06:12:45,ClearFake,domain,udderlyfinesoap.com,#compromised #etherhide,https://threatfox.abuse.ch/ioc/1942695/
2026-09-30 20:55:10,ClearFake,domain,ufuoew6n.tanyavondegurechaff.fit,#ClearFake #mac-0x0f14 #macOS,https://threatfox.abuse.ch/ioc/1943287/
2026-09-30 06:12:45,ClearFake,domain,unicoop.com.py,#compromised #etherhide,https://threatfox.abuse.ch/ioc/1942697/
2026-09-30 18:04:58,Remcos,domain,uu88.cat,#remcos,https://threatfox.abuse.ch/ioc/1943143/
2026-09-30 18:04:58,Remcos,domain,uu88.ong,#remcos,https://threatfox.abuse.ch/ioc/1943144/
2026-09-30 18:04:58,Remcos,domain,uu8833.com,#remcos,https://threatfox.abuse.ch/ioc/1943145/
2026-09-30 02:44:57,php.shin_webshell,domain,v0qaffsvgt.workers.dev,#Cloudflare #gif #PHP #webshell #WordPress #workers.dev #wp-admin,https://threatfox.abuse.ch/ioc/1942343/
2026-09-30 00:50:26,php.shin_webshell,domain,vanuqa.workers.dev,#Cloudflare #gif #PHP #webshell #WordPress #workers.dev #wp-admin,https://threatfox.abuse.ch/ioc/1942277/
2026-09-30 06:12:46,ClearFake,domain,vascarta.com,#compromised #etherhide,https://threatfox.abuse.ch/ioc/1942699/
2026-09-30 06:12:44,ClearFake,domain,vazadostelegram.net,#compromised #etherhide,https://threatfox.abuse.ch/ioc/1942690/
2026-09-30 06:12:44,ClearFake,domain,vintiquatre.com,#compromised #etherhide,https://threatfox.abuse.ch/ioc/1942688/
2026-09-30 06:12:45,ClearFake,domain,violetunlimited.com,#compromised #etherhide,https://threatfox.abuse.ch/ioc/1942696/
2026-09-30 06:12:45,ClearFake,domain,virtuozai.lt,#compromised #etherhide,https://threatfox.abuse.ch/ioc/1942694/
2026-09-30 06:12:48,ClearFake,domain,voltinvestissement.fr,#compromised #etherhide,https://threatfox.abuse.ch/ioc/1942708/
2026-09-30 00:43:21,php.shin_webshell,domain,vqi7tu34zp.workers.dev,#Cloudflare #gif #PHP #webshell #WordPress #workers.dev #wp-admin,https://threatfox.abuse.ch/ioc/1942268/
2026-09-30 06:12:47,ClearFake,domain,waldhotel-auerhahn.com,#compromised #etherhide,https://threatfox.abuse.ch/ioc/1942705/
2026-09-30 06:27:51,ClearFake,domain,wattcruise.com,#compromised #etherhide,https://threatfox.abuse.ch/ioc/1942712/
2026-09-30 09:56:59,IClickFix,domain,wealtcomllc.com,#ClickFix,https://threatfox.abuse.ch/ioc/1942809/
2026-09-30 06:27:52,ClearFake,domain,webappix.fr,#compromised #etherhide,https://threatfox.abuse.ch/ioc/1942715/
2026-09-30 09:39:35,ClearFake,domain,who022h5.sallysprattstudio.com,#ClearFake #mac-0xdcf2 #macOS,https://threatfox.abuse.ch/ioc/1942786/
2026-09-30 15:26:37,Unknown Loader,domain,wishgrove.cfd,#OffLoader,https://threatfox.abuse.ch/ioc/1942946/
2026-09-30 04:38:54,ClearFake,domain,wlmvtex3.pulsasoft.com,#ClearFake #mac-0x76c7 #macOS,https://threatfox.abuse.ch/ioc/1942637/
2026-09-30 15:19:46,php.shin_webshell,domain,wokigaxe.workers.dev,#Cloudflare #gif #PHP #webshell #WordPress #workers.dev #wp-admin,https://threatfox.abuse.ch/ioc/1942945/
2026-09-30 06:12:47,ClearFake,domain,worldleaders-training.com,#compromised #etherhide,https://threatfox.abuse.ch/ioc/1942703/
2026-09-30 06:12:47,ClearFake,domain,wowifytech.com,#compromised #etherhide,https://threatfox.abuse.ch/ioc/1942706/
2026-09-30 19:59:37,Unknown malware,domain,wssc.flavorroute.cc,#ZigClipper,https://threatfox.abuse.ch/ioc/1943252/
2026-09-30 18:04:58,Remcos,domain,ww88com.co,#remcos,https://threatfox.abuse.ch/ioc/1943146/
2026-09-30 20:35:02,Nanocore RAT,domain,www.1100053.1100053.com,#NanoCore,https://threatfox.abuse.ch/ioc/1943268/
2026-09-30 20:35:03,Nanocore RAT,domain,www.30yrs.co,#NanoCore,https://threatfox.abuse.ch/ioc/1943269/
2026-09-30 21:01:51,ClearFake,domain,www.5a71.com,#compromised #etherhide,https://threatfox.abuse.ch/ioc/1943291/
2026-09-30 00:56:03,ClearFake,domain,www.5g-become.eu,#compromised #etherhide,https://threatfox.abuse.ch/ioc/1942280/
2026-09-30 16:50:28,Quasar RAT,domain,www.8kbet.sh,#QuasarRAT,https://threatfox.abuse.ch/ioc/1943026/
2026-09-30 18:04:58,Remcos,domain,www.8kbetvvip.com,#remcos,https://threatfox.abuse.ch/ioc/1943147/
2026-09-30 00:15:53,ClearFake,domain,www.airisktoday.com,#compromised #etherhide,https://threatfox.abuse.ch/ioc/1942248/
2026-09-30 00:56:04,ClearFake,domain,www.alffoundation.us,#compromised #etherhide,https://threatfox.abuse.ch/ioc/1942284/
2026-09-30 21:01:50,ClearFake,domain,www.altinvadicatering.com,#compromised #etherhide,https://threatfox.abuse.ch/ioc/1943289/
2026-09-30 00:56:04,ClearFake,domain,www.anticapianella.com,#compromised #etherhide,https://threatfox.abuse.ch/ioc/1942281/
2026-09-30 00:15:54,ClearFake,domain,www.antudo.info,#compromised #etherhide,https://threatfox.abuse.ch/ioc/1942252/
2026-09-30 00:56:06,ClearFake,domain,www.apnaskiphireltd.com,#compromised #etherhide,https://threatfox.abuse.ch/ioc/1942292/
2026-09-30 00:15:53,ClearFake,domain,www.auto-passion-services.fr,#compromised #etherhide,https://threatfox.abuse.ch/ioc/1942247/
2026-09-30 21:01:50,ClearFake,domain,www.autosy.se,#compromised #etherhide,https://threatfox.abuse.ch/ioc/1943290/
2026-09-30 00:15:55,ClearFake,domain,www.bedandbreakfastetma.com,#compromised #etherhide,https://threatfox.abuse.ch/ioc/1942257/
2026-09-30 00:56:05,ClearFake,domain,www.black-tower.cz,#compromised #etherhide,https://threatfox.abuse.ch/ioc/1942291/
2026-09-30 00:56:04,ClearFake,domain,www.bogheseammentos.org,#compromised #etherhide,https://threatfox.abuse.ch/ioc/1942282/
2026-09-30 00:56:03,ClearFake,domain,www.casenet.com.br,#compromised #etherhide,https://threatfox.abuse.ch/ioc/1942278/
2026-09-30 00:15:53,ClearFake,domain,www.cloverhillgatelodge.com,#compromised #etherhide,https://threatfox.abuse.ch/ioc/1942249/
2026-09-30 00:15:54,ClearFake,domain,www.collegegardens.org,#compromised #etherhide,https://threatfox.abuse.ch/ioc/1942256/
2026-09-30 00:56:03,ClearFake,domain,www.corsiscuola.eu,#compromised #etherhide,https://threatfox.abuse.ch/ioc/1942279/
2026-09-30 00:56:04,ClearFake,domain,www.depannage-porte-sectionnelle.com,#compromised #etherhide,https://threatfox.abuse.ch/ioc/1942285/
2026-09-30 03:31:58,ClearFake,domain,www.durs.nl,#compromised #etherhide,https://threatfox.abuse.ch/ioc/1942575/
2026-09-30 03:31:57,ClearFake,domain,www.energyforecastingsolutions.com,#compromised #etherhide,https://threatfox.abuse.ch/ioc/1942565/
2026-09-30 03:31:56,ClearFake,domain,www.fdpi.com.au,#compromised #etherhide,https://threatfox.abuse.ch/ioc/1942560/
2026-09-30 16:46:36,AsyncRAT,domain,www.feliciachang.me,#asyncrat,https://threatfox.abuse.ch/ioc/1943014/
2026-09-30 03:08:00,ClearFake,domain,www.fitnessstudiopk.com,#compromised #etherhide,https://threatfox.abuse.ch/ioc/1942546/
2026-09-30 03:08:01,ClearFake,domain,www.fungazen.com,#compromised #etherhide,https://threatfox.abuse.ch/ioc/1942549/
2026-09-30 18:06:05,ClearFake,domain,www.galaxyau.ai,#compromised #etherhide,https://threatfox.abuse.ch/ioc/1943172/
2026-09-30 18:06:05,ClearFake,domain,www.galaxyaus.online,#compromised #etherhide,https://threatfox.abuse.ch/ioc/1943173/
2026-09-30 03:08:00,ClearFake,domain,www.globalforumhealth.org,#compromised #etherhide,https://threatfox.abuse.ch/ioc/1942543/
2026-09-30 20:35:03,Nanocore RAT,domain,www.html6.io,#NanoCore,https://threatfox.abuse.ch/ioc/1943270/
2026-09-30 03:31:56,ClearFake,domain,www.igu-hr-comm.org,#compromised #etherhide,https://threatfox.abuse.ch/ioc/1942564/
2026-09-30 04:12:08,ClearFake,domain,www.irreno.com,#compromised #etherhide,https://threatfox.abuse.ch/ioc/1942588/
2026-09-30 03:31:55,ClearFake,domain,www.itlgroupdubai.com,#compromised #etherhide,https://threatfox.abuse.ch/ioc/1942559/
2026-09-29 21:23:49,ClearFake,domain,www.joanacosta.ca,#compromised #etherhide,https://threatfox.abuse.ch/ioc/1942149/
2026-09-30 04:12:09,ClearFake,domain,www.kelemerbrothers.com,#compromised #etherhide,https://threatfox.abuse.ch/ioc/1942595/
2026-09-30 04:12:09,ClearFake,domain,www.labrujafm.com,#compromised #etherhide,https://threatfox.abuse.ch/ioc/1942597/
2026-09-30 04:12:09,ClearFake,domain,www.labyrinthofenchantment.com,#compromised #etherhide,https://threatfox.abuse.ch/ioc/1942596/
2026-09-30 04:12:10,ClearFake,domain,www.ladespensademaceo.es,#compromised #etherhide,https://threatfox.abuse.ch/ioc/1942599/
2026-09-30 04:12:10,ClearFake,domain,www.lcdr.tech,#compromised #etherhide,https://threatfox.abuse.ch/ioc/1942598/
2026-09-30 03:31:57,ClearFake,domain,www.maccabi-optic.co.il,#compromised #etherhide,https://threatfox.abuse.ch/ioc/1942569/
2026-09-30 18:06:05,Unknown malware,domain,www.mail.wpt-8gek.162-215-130-152.cpanel.site,#ClickFix #compromised,https://threatfox.abuse.ch/ioc/1943174/
2026-09-30 16:50:28,Quasar RAT,domain,www.mb66.kids,#QuasarRAT,https://threatfox.abuse.ch/ioc/1943027/
2026-09-30 18:04:58,Remcos,domain,www.mb66u.cfd,#remcos,https://threatfox.abuse.ch/ioc/1943148/
2026-09-30 04:12:10,ClearFake,domain,www.mikaelbulow.se,#compromised #etherhide,https://threatfox.abuse.ch/ioc/1942600/
2026-09-30 16:46:36,AsyncRAT,domain,www.mu886.pizza,#asyncrat,https://threatfox.abuse.ch/ioc/1943015/
2026-09-30 16:46:36,AsyncRAT,domain,www.mu88trangchu.online,#asyncrat,https://threatfox.abuse.ch/ioc/1943016/
2026-09-30 16:46:36,AsyncRAT,domain,www.mu88vn.guru,#asyncrat,https://threatfox.abuse.ch/ioc/1943017/
2026-09-30 06:12:45,ClearFake,domain,www.orionbridges.com,#compromised #etherhide,https://threatfox.abuse.ch/ioc/1942693/
2026-09-30 05:37:38,ClearFake,domain,www.phytonaturelle.nl,#compromised #etherhide,https://threatfox.abuse.ch/ioc/1942677/
2026-09-30 16:46:36,AsyncRAT,domain,www.qh88beting.me,#asyncrat,https://threatfox.abuse.ch/ioc/1943018/
2026-09-30 05:37:38,ClearFake,domain,www.rideaux-metalliques-lille.com,#compromised #etherhide,https://threatfox.abuse.ch/ioc/1942674/
2026-09-30 06:12:44,ClearFake,domain,www.rideaux-metalliques-strasbourg.com,#compromised #etherhide,https://threatfox.abuse.ch/ioc/1942691/
2026-09-30 06:12:46,ClearFake,domain,www.rrozz.com,#compromised #etherhide,https://threatfox.abuse.ch/ioc/1942700/
2026-09-30 05:37:38,ClearFake,domain,www.sarriaexperience.com,#compromised #etherhide,https://threatfox.abuse.ch/ioc/1942675/
2026-09-30 06:12:47,ClearFake,domain,www.satellitefarmers.com,#compromised #etherhide,https://threatfox.abuse.ch/ioc/1942704/
2026-09-30 16:46:36,AsyncRAT,domain,www.shbet8.jp.net,#asyncrat,https://threatfox.abuse.ch/ioc/1943019/
2026-09-29 22:14:09,ClearFake,domain,www.smokee.ch,#compromised #etherhide,https://threatfox.abuse.ch/ioc/1942172/
2026-09-30 06:12:44,ClearFake,domain,www.spaziofrattotempo.it,#compromised #etherhide,https://threatfox.abuse.ch/ioc/1942689/
2026-09-30 06:12:46,ClearFake,domain,www.spicemerchant.co.uk,#compromised #etherhide,https://threatfox.abuse.ch/ioc/1942698/
2026-09-30 06:12:44,ClearFake,domain,www.stoccareddo.it,#compromised #etherhide,https://threatfox.abuse.ch/ioc/1942687/
2026-09-29 22:14:08,ClearFake,domain,www.teresariba.com,#compromised #etherhide,https://threatfox.abuse.ch/ioc/1942171/
2026-09-30 06:12:46,ClearFake,domain,www.thecreatorangel.com,#compromised #etherhide,https://threatfox.abuse.ch/ioc/1942701/
2026-09-30 06:27:51,ClearFake,domain,www.ukcinemacompany.com,#compromised #etherhide,https://threatfox.abuse.ch/ioc/1942714/
2026-09-30 06:27:51,ClearFake,domain,www.vjrlife.com.br,#compromised #etherhide,https://threatfox.abuse.ch/ioc/1942710/
2026-09-30 06:27:51,ClearFake,domain,www.walshywoodcarpentry.com,#compromised #etherhide,https://threatfox.abuse.ch/ioc/1942713/
2026-09-30 06:27:51,ClearFake,domain,www.wenbianque.com,#compromised #etherhide,https://threatfox.abuse.ch/ioc/1942711/
2026-09-30 06:27:52,ClearFake,domain,www.xn--biipatas-lbb75fuf.lt,#compromised #etherhide,https://threatfox.abuse.ch/ioc/1942716/
2026-09-30 10:25:45,Vidar,domain,x2.332toto.net,#Vidar,https://threatfox.abuse.ch/ioc/1942818/
2026-09-30 10:30:45,Vidar,domain,x2.334v.org,#Vidar,https://threatfox.abuse.ch/ioc/1942820/
2026-09-30 10:55:45,Vidar,domain,x2.369jk.org,#Vidar,https://threatfox.abuse.ch/ioc/1942833/
2026-09-30 18:04:58,Remcos,domain,x88.today,#remcos,https://threatfox.abuse.ch/ioc/1943149/
2026-09-30 11:25:50,php.shin_webshell,domain,xgyqp87688.workers.dev,#Cloudflare #gif #PHP #webshell #WordPress #workers.dev #wp-admin,https://threatfox.abuse.ch/ioc/1942854/
2026-09-30 06:12:47,ClearFake,domain,xn--microkin-floregervais-i5b.fr,#compromised #etherhide,https://threatfox.abuse.ch/ioc/1942707/
2026-09-30 18:04:58,Remcos,domain,xoso66a.blue,#remcos,https://threatfox.abuse.ch/ioc/1943150/
2026-09-30 18:04:58,Remcos,domain,xoso66vv.com,#remcos,https://threatfox.abuse.ch/ioc/1943151/
2026-09-29 21:40:46,Vidar,domain,xt.32naga.net,#Vidar,https://threatfox.abuse.ch/ioc/1942158/
2026-09-29 21:40:45,Vidar,domain,xt.5-rt.org,#Vidar,https://threatfox.abuse.ch/ioc/1942156/
2026-09-30 18:04:58,Remcos,domain,xx88.markets,#remcos,https://threatfox.abuse.ch/ioc/1943152/
2026-09-30 18:04:58,Remcos,domain,xx88.promo,#remcos,https://threatfox.abuse.ch/ioc/1943153/
2026-09-30 18:04:58,Remcos,domain,yes-original.co,#remcos,https://threatfox.abuse.ch/ioc/1943154/
2026-09-30 09:31:05,php.shin_webshell,domain,zevaqu.workers.dev,#Cloudflare #gif #PHP #webshell #WordPress #workers.dev #wp-admin,https://threatfox.abuse.ch/ioc/1942779/
2026-09-30 09:37:05,php.shin_webshell,domain,ziguvame.workers.dev,#Cloudflare #gif #PHP #webshell #WordPress #workers.dev #wp-admin,https://threatfox.abuse.ch/ioc/1942782/
